Rank,Ticker,Name,Exchange,Return_2WK_%,SharpeRatio,SortinoRatio,MaxDrawdown,ConsistencyScore,VolumeTrend,QualityScore,RSI,MomentumAccel,PriceVs20dHigh,VolumeSurge,EntryScore,MarketCap,MarketCapCategory
1,MOBBW,Mobilicom Limited - Warrants,NASDAQ,727.2412716406538,1.9074685478947118,8416.700902076083,0.0,1.4492753623188406,,,100.0,1.0,100.0,,20,695447680.0,Small
2,EDSA,"Edesa Biotech, Inc. - Common Shares",NASDAQ,624.4444615163926,2.680274421581473,8.646850881027566,-55.3072609514047,42.028985507246375,245.2738196688712,79.49410461740788,85.52971626571505,0.38570501230144116,100.0,126.32513833533918,25,54430008.0,Small
3,MOBX,"Mobix Labs, Inc. - Class A Common Stock",NASDAQ,549.999990686774,1.6637424255959408,10.318666695450949,-74.82758585252886,42.028985507246375,158.63899032171713,57.58031095769191,76.40449304426444,1.4627118163113666,92.85713905582624,391.4175609870673,75,107200208.0,Small
4,TURB,"Turbo Energy, S.A. - American Depositary Shares",NASDAQ,434.653448318306,2.2750164470347958,4.909616335938872,-57.777780813199385,50.72463768115942,242.43775922084825,75.08273344505642,76.7888291706322,0.37760117103784707,100.0,394.93907949037896,30,41644788.0,Small
5,XWEL,"XWELL, Inc. - Common Stock",NASDAQ,288.23530546109146,1.505111543597889,6.4480446066460555,-63.75000158324835,33.33333333333333,234.85741545896443,51.47815165658393,71.56862793794642,-0.10071104248439688,77.64705973100494,11.41063564069958,5,7612048.0,Small
6,NPT,Texxon Holding Limited - Ordinary shares,NASDAQ,272.7272727272727,3.676036616372199,8.010341198550973,-27.777778513637607,52.17391304347826,7.815807421253385,75.43150873976616,92.99175467677419,1.1552610328724489,100.0,385.0170558908423,50,454792512.0,Small
7,AIFF,"Firefly Neuroscience, Inc.  - Common Stock",NASDAQ,189.0625101863409,0.9680235915638513,3.096604096846502,-63.21839182832657,39.130434782608695,243.72197102104732,39.45996033895968,82.42424448221733,1.0704226100964283,100.0,398.93110070319347,50,26296052.0,Small
8,BNAI,Brand Engagement Network Inc. - Common Stock,NASDAQ,179.81103306779045,3.22813914728595,9.890752381797975,-72.04761807880703,46.3768115942029,-78.2165661805899,65.2694100589897,87.85607193951944,0.354248315126523,100.0,113.3200568340685,20,328282112.0,Small
9,ANTX,"AN2 Therapeutics, Inc. - Common Stock",NASDAQ,171.42857467236178,2.807707893754939,8.847704158265069,-21.96970223778405,43.47826086956522,143.032231393757,75.54972858660378,93.65853159290113,1.0149936725688802,100.0,356.978752891344,50,78095768.0,Small
10,STAK,STAK Inc. - Class A Ordinary Shares,NASDAQ,170.20057304143452,1.8010884682256623,4.175012768065307,-41.79245121753177,47.82608695652174,246.76795850638783,61.75282771764694,68.18991272481985,-0.05379586770540799,88.96227070766687,399.24524488417734,65,18115358.0,Small
11,CRCG,Leverage Shares 2X Long CRCL Daily ETF,NASDAQ,149.6402923972345,1.5356943445571285,2.361394233613016,-71.411765423613,44.927536231884055,77.75143062049241,40.627297967113066,81.17647306316883,0.061598585821091484,92.5333340962728,186.02414889092353,50,,
12,PRSO,Peraso Inc. - Common Stock,NASDAQ,139.99998878030246,1.821045418682404,8.597103769191442,-33.057853153075754,42.028985507246375,232.63294994476604,66.67782613499425,88.07947265595242,1.0410256014874557,100.0,396.73729800667303,50,19110440.0,Small
13,GEMG,Leverage Shares 2X Long GEMI Daily ETF,NASDAQ,114.67741293539993,-0.07704515386255155,-0.10979094113736491,-88.21292817889915,39.130434782608695,38.60584015872208,18.910905154404116,59.813080738596646,4.669419689743393,96.7999978498979,137.37555398548398,85,,
14,BBCQW,Bleichroeder Acquisition Corp. II - Warrants,NASDAQ,111.11111405455043,2.9990251958893985,13.720471037571752,-22.413792926264428,26.923076923076923,2.810112176881807,,83.33333002196431,1.2345679666443314,100.0,355.93823382907567,55,,
15,CRE,Cre8 Enterprise Limited - Class A Ordinary Shares,NASDAQ,109.72222360195931,0.4532209239283803,0.801056743792748,-56.50851761464637,46.3768115942029,222.10345811247393,36.29442839156216,78.59281791902563,2.227787916372199,100.0,381.1774248899277,55,9123235.0,Small
16,RLYB,Rallybio Corporation - Common Stock,NASDAQ,98.36363358931108,2.9153758873166318,5.523509552692572,-31.050958932401123,52.17391304347826,195.42150995973867,72.91371841334299,87.96757911617341,-0.004217553086066979,99.45304997122895,324.514319707657,30,57609936.0,Small
17,LRMR,"Larimar Therapeutics, Inc. - Common Stock",NASDAQ,85.76512087143435,1.4275308858065574,3.1716531600539555,-30.617288631048854,44.927536231884055,161.73253813645857,49.42780775335699,70.33398460481162,-0.0034831039017848915,87.73109172311644,27.51292405962793,30,540741824.0,Small
18,ALTO,"Alto Ingredients, Inc. - Common Stock",NASDAQ,84.45376703340384,2.5208689362989616,5.513137437874414,-25.974025069249763,44.927536231884055,46.54625542667132,59.164864976877446,83.0115802393152,1.2086304235602323,100.0,326.52889642963163,55,339775904.0,Small
19,BDMD,Baird Medical Investment Holdings Ltd - Ordinary Share,NASDAQ,82.3529304517597,2.2261287542994093,5.571839961013814,-52.7607372282787,34.78260869565217,230.2408128447473,62.3740475564968,78.07228759231826,0.04355349324033902,90.11627479847739,60.48141605354942,30,113850288.0,Small
20,DAWN,"Day One Biopharmaceuticals, Inc. - Common Stock",NASDAQ,81.1965906713207,2.5639146792580636,7.462910081024514,-18.719614190055385,39.130434782608695,69.05082257032382,65.71446292039553,82.00129808758261,1.2171739427318369,100.0,305.7395148719869,55,2189911040.0,Mid
21,SEV,Aptera Motors Corp. - Class B Common Stock,NASDAQ,79.23496691095451,-0.5972253564179731,-0.601857233365765,-75.89743607508727,44.927536231884055,0.15865058161304013,15.02518829427535,83.54977988599877,0.37904556231131425,100.0,184.68088881004127,30,106546104.0,Small
22,CDTG,CDT Environmental Technology Investment Holdings Limited - ordinary shares,NASDAQ,78.26086477656453,0.8161028202468859,1.2713145082351949,-53.36134501133552,37.68115942028986,237.4388658868299,38.40091697241604,66.74938106556851,2.4021644681756364,92.13483213791417,362.0075128854722,90,5054483.0,Small
23,IOVA,"Iovance Biotherapeutics, Inc. - Common Stock",NASDAQ,77.5086480355341,3.1251249378419677,4.892744162281891,-22.64807954242239,50.72463768115942,32.409804632389985,63.038506558017986,94.75524956465682,0.3440430480317507,100.0,132.3111638810645,25,2113363072.0,Mid
24,AAOI,"Applied Optoelectronics, Inc. - Common Stock",NASDAQ,77.13121470114788,3.9112797905683134,6.103757878757741,-25.275331449091333,57.971014492753625,36.94934732728772,78.65174730705156,79.21810489631247,-0.05840132379021632,93.23968377645123,191.3457471093573,50,7187503104.0,Mid
25,SABR,Sabre Corporation - Common Stock,NASDAQ,76.66667505546873,0.5680853912477773,0.829025476251423,-50.42424058082234,39.130434782608695,101.2053684099552,30.586995297748004,64.73029321585858,-0.036346861040129234,79.8994987818488,133.22829211338737,35,628312384.0,Small
26,CDIO,Cardio Diagnostics Holdings Inc. - Common stock,NASDAQ,76.07974111385833,1.6956936450137723,3.3689456438440564,-72.72727329024458,42.028985507246375,213.94020084990495,51.16297359637675,74.78474733526934,0.006186480224912991,80.916031090073,10.83053092648742,20,9678076.0,Small
27,PRAA,"PRA Group, Inc. - Common Stock",NASDAQ,74.18425610017498,1.1462742426518562,1.2894747443185333,-42.33536108316294,53.62318840579711,49.04480551452486,37.712595653494965,83.71877147365764,0.14283801132976665,96.23541373889672,115.65392619999339,30,708130304.0,Small
28,FBLG,"FibroBiologics, Inc. - Common Stock",NASDAQ,71.93676583065849,1.9760929341221762,2.2849198449344295,-43.250001322478035,52.17391304347826,-46.64676009108246,43.92646258040905,81.72413821452861,0.04918038145437782,100.0,202.91511524931133,30,29403704.0,Small
29,RSVRW,"Reservoir Media, Inc.. - Warrant",NASDAQ,71.71717445384044,0.6921838616348702,0.9663349501181688,-74.61538382183163,33.33333333333333,85.27446300715988,26.032360604585243,55.124653996881655,0.15000006705521965,77.98165407267884,39.43492636008416,30,,
30,STRZ,Starz Entertainment Corp. - Common Shares,NASDAQ,70.75892997316406,2.112149381648467,2.738814101499623,-31.020736484499405,53.62318840579711,23.78424207252383,46.68393851619808,95.14562644489575,0.5320693057901119,100.0,168.23321282978233,30,255985008.0,Small
31,ALBT,Avalon GloboCare Corp. - Common Stock,NASDAQ,69.81480727225204,0.5198465632253595,0.931301578473218,-70.70175579245593,39.130434782608695,238.09048038223133,33.487408502623246,50.839002239377486,-0.24830867347135413,61.543623479141495,14.55646354674369,30,5277926.0,Small
32,APPX,Tradr 2X Long APP Daily ETF,NASDAQ,69.69697131869934,-0.06700795421752478,-0.0580038921052637,-79.91431359966016,53.62318840579711,130.84870342525866,27.417470972857892,71.17736537610304,0.9790946459960024,97.42267680150425,68.76919504487677,30,,
33,TECX,"Tectonic Therapeutic, Inc. - Common Stock",NASDAQ,69.27795199548356,2.770739891574585,3.5909973260882824,-16.37126931646374,56.52173913043478,56.671925941435106,61.593130218090685,86.86922575626157,1.1857918215141328,100.0,87.12894442309941,30,673517568.0,Small
34,ASNS,"Actelis Networks, Inc. - Common Stock",NASDAQ,68.94737568588478,-0.7602889677406212,-1.4133348908052532,-94.22712952912558,40.57971014492754,224.00505491299535,24.614135980606626,56.73222592218924,-2.4363240304591365,59.55473558924944,395.75597433837794,50,2585938.0,Small
35,PSNYW,Polestar Automotive Holding UK Limited - Class C-1 ADS (ADW),NASDAQ,67.27272380482067,-0.24012297604208277,-0.2825251899984753,-64.86486660641765,39.130434782608695,-73.47313532382265,14.467210030456517,74.53987411499907,0.9350178166828806,100.0,185.14285714285714,40,30178607104.0,Large
36,XYZG,Leverage Shares 2X Long XYZ Daily ETF,NASDAQ,66.15751308144118,0.5560172133676369,0.5624404848748963,-55.1877997771941,56.52173913043478,75.70829347266172,31.951482507466853,79.46199973312338,0.18081776266121322,97.67800543383618,65.96306068601582,20,,
37,NFXL,Direxion Daily NFLX Bull 2X ETF,NASDAQ,65.95200647427532,-0.7323762320633035,-0.8416080811220664,-53.99286555390952,50.72463768115942,23.13243610999358,19.45641405819716,87.88248959625497,0.0998727382134818,99.75452031089256,96.8231365108038,10,,
38,GGR,Gogoro Inc. - Ordinary Shares,NASDAQ,65.24822545131919,1.3584610848318714,1.8754509670365194,-31.49999976158142,44.927536231884055,12.387502122601447,37.42353021355768,81.78294408880852,0.7603585154145666,100.0,183.60655737704917,30,68844448.0,Small
39,XTIA,"XTI Aerospace, Inc. Common Stock  - Common Stock",NASDAQ,60.97561755682448,2.578475063474302,3.54209252047774,-23.926379560477542,49.275362318840585,13.896084233707251,54.11614216054864,80.9859178577521,0.5187703464247008,100.0,194.50328212763077,30,91103224.0,Small
40,UPXI,"Upexi, Inc. - Common Stock",NASDAQ,59.2920318506124,-1.7727155228640976,-2.3554968530923475,-81.10367906977523,36.231884057971016,42.23891471041552,12.780711694219132,54.62897457139522,-0.10795443744165667,78.9473673203205,158.79384200312396,50,62409916.0,Small
41,PMVP,"PMV Pharmaceuticals, Inc. - Common Stock",NASDAQ,59.22330400476097,1.1646947086800399,1.850491508204203,-24.444447191654362,39.130434782608695,118.38054101946453,41.624927189443554,70.22900374353517,-0.15407403423953145,91.11111273000274,230.56401153760814,50,87266872.0,Small
42,DXST,Decent Holding Inc. - Class A Ordinary Shares,NASDAQ,59.090910630285265,0.20565149149401804,0.3374016999573894,-96.08695638402624,36.231884057971016,232.87850396024777,29.781698633431816,56.304347530317216,84.80935251168219,90.32258033504348,316.749824865589,100,12705717.0,Small
43,HIT,"Health In Tech, Inc. - Class A Common Stock",NASDAQ,57.62712686303671,1.3304425497628607,1.6186875371928482,-45.94594664256706,46.3768115942029,-60.8408749695958,32.33876375010743,91.57666752662126,0.4508856327694073,100.0,200.0224895985607,30,105850384.0,Small
44,MRDN,Meridian Holdings Inc. - Common Stock,NASDAQ,57.352945988841086,0.6353950806065514,0.8456716565902389,-40.559438940109885,42.028985507246375,26.789957177950896,28.96172810835869,59.544866330024696,0.6369575505771133,89.95796527859316,207.1437142231978,75,121733440.0,Small
45,LPBBW,Launch Two Acquisition Corp. - Warrant,NASDAQ,57.035654780248876,1.8651941536428003,645.4706037839126,0.0,1.4492753623188406,,,100.0,1.0,100.0,,20,,
46,BANL,CBL International Limited - Class B Ordinary Shares,NASDAQ,55.42168527612284,1.6674115172135757,2.753505869145117,-36.93304621831701,46.3768115942029,236.5679970576672,53.725885614268506,78.73069826987057,-0.033264807832239535,93.61392904296396,339.28114537428337,50,17704058.0,Small
47,ZBAO,Zhibao Technology Inc. - Class A Ordinary Shares,NASDAQ,54.28572304394794,0.8282573297409724,1.629951783562984,-47.32283152667115,33.33333333333333,88.93481051261276,31.714010311200774,66.75094706181949,0.21359249240700046,98.18181995517948,267.9078552396371,45,35926884.0,Small
48,BRAI,Braiin Limited - Common Stock,NASDAQ,54.14847293418106,0.8430145888618574,1.3499780619873467,-69.00965513353925,33.33333333333333,0.0,,54.81938249296003,,63.41792172751565,82.30309614340032,30,1939977344.0,Small
49,RETO,"ReTo Eco-Solutions, Inc. - Class A Shares",NASDAQ,53.22034312678101,-1.1286484675454214,-1.1052112762883073,-84.36257690231392,43.47826086956522,158.19773905259663,21.187516517068843,47.129505556461204,-2.796803166869338,74.09835762825111,12.430417898012418,30,2583249.0,Small
50,PVLA,"Palvella Therapeutics, Inc. - Common Stock",NASDAQ,52.994085829302364,1.5055747432084985,2.167668595920938,-29.925735290157267,47.82608695652174,32.820152997298166,42.017154946278154,78.53979236416339,0.02114111612136534,90.59593009799816,67.85928682915116,30,1880056448.0,Small
51,PCSA,"Processa Pharmaceuticals, Inc. - Common Stock",NASDAQ,52.97296687753823,-0.0019132574599006627,-0.0027395351244949304,-75.73770460535269,47.82608695652174,-94.51714644126865,16.336046456510886,67.23164028256785,1.275828967551448,99.29824625979796,129.68060244092442,65,6412123.0,Small
52,MGN,Megan Holdings Limited - Class A Ordinary Shares,NASDAQ,52.82051006169173,1.7346242943953754,2.525507973434391,-44.34389150034544,40.57971014492754,178.59994178552125,51.66160460793281,66.07774182028308,0.39245661706518814,99.66555215948624,236.46450399623885,45,48425000.0,Small
53,GEMI,"Gemini Space Station, Inc. - Class A Common Stock",NASDAQ,52.29982546297478,0.01876695334152345,0.026831426694810208,-61.17411433938108,39.130434782608695,-12.34357717499016,18.806001491984215,61.49999789396905,2.161039069781914,96.6486441122519,143.71372003359056,75,1051824192.0,Small
54,FBYD,"Falcon's Beyond Global, Inc. - Class A Common Stock",NASDAQ,52.05183127091826,-0.5425391263710397,-0.5899624028623549,-81.22596098738308,43.47826086956522,-28.10953925344972,12.868210278887062,69.23682269333683,0.07906969626443304,86.06356600498616,107.70858908690684,55,340806496.0,Small
55,NCI,Neo-Concept International Group Holdings Limited - Class A Ordinary Shares,NASDAQ,51.724143128427194,2.9031945030934643,9.756363410696412,-59.37500058207662,50.72463768115942,182.03147101833298,81.03990636890644,81.39892398638709,0.13486966261150318,100.0,16.978777455334377,10,199732064.0,Small
56,ANY,Sphere 3D Corp. - Common Shares,NASDAQ,51.282055200831486,-2.920720727294995,-3.0860593188901237,-79.27756680705865,37.68115942028986,226.21220290394254,22.62653603317564,63.81578715182753,-19.003438371425354,98.88268260599237,339.4413404048028,45,6004771.0,Small
57,TNYA,"Tenaya Therapeutics, Inc. - Common Stock",NASDAQ,51.27768188910369,-0.1341568294395495,-0.1491569665267408,-60.99290603255665,44.927536231884055,2.50175383669895,19.92301903851198,71.59090537075045,5.960662341734235,100.0,193.0404877993597,55,192257232.0,Small
58,TONX,TON Strategy Company - Common Stock,NASDAQ,50.828735103777944,0.11485512186720111,0.13308182328877263,-49.7206706514981,44.927536231884055,-28.76543278736987,21.01234195936736,71.14094330230212,0.5430303486285225,100.0,125.64710396141356,25,162590976.0,Small
59,TWAV,"TaoWeave, Inc. - Common Stock",NASDAQ,50.72463267341778,-1.1374100820415762,-1.0989820542621138,-75.18518500530834,42.028985507246375,155.41484659554885,21.332539771518665,77.96610717422897,-12.419360908755154,94.54544902833052,28.38365896980462,30,3335499.0,Small
60,NOWL,GraniteShares 2x Long NOW Daily ETF,NASDAQ,50.52266006693,-1.9776364109237934,-1.5609919676959747,-69.56521958982499,53.62318840579711,130.59470145499083,22.864667319730742,74.70997572002958,0.6079436843494942,100.0,87.93822941816246,10,,
61,WIX,Wix.com Ltd. - Ordinary Shares,NASDAQ,49.50637027116485,0.2411102107831348,0.2980579900209413,-41.00516577037106,46.3768115942029,52.89764051031969,28.173751737460787,80.08784602696167,1.2003647313652006,100.0,131.80689087948423,50,5228380160.0,Mid
62,AENT,Alliance Entertainment Holding Corporation - common stock,NASDAQ,49.152548194651004,0.40196794321474955,0.41256552476233854,-45.195732878888116,50.72463768115942,68.49378577414811,30.561632656885703,70.37036102612285,26.052675738893143,98.73772579041609,47.336839765908586,35,358739872.0,Small
63,EJH,E-Home Household Service Holdings Limited - Ordinary shares,NASDAQ,49.09390137444187,0.9251594810300431,0.9139578016173038,-48.01980384996437,53.62318840579711,127.56724028694637,39.48391417340351,87.35632026411298,0.8322009338417956,100.0,233.50962256292584,40,72395488.0,Small
64,OLOX,Olenox Industries Inc. - Common Stock,NASDAQ,48.55072531581284,-1.8315726051128753,-2.2071971425548673,-79.60591081947051,36.231884057971016,3.116462102569706,10.482625685314572,61.65670371554282,1.6406245999841604,100.0,268.76097224043156,70,7603567.0,Small
65,PMN,ProMIS Neurosciences Inc. - Common Shares,NASDAQ,48.19505810679039,4.20572055185794,5.505968381197631,-26.873663681754596,56.52173913043478,-63.77471864231804,70.49059371774086,78.1617027727066,0.03193364804898609,94.39289533819083,139.12582781456956,45,50367188.0,Small
66,CRWL,GraniteShares 2x Long CRWD Daily ETF,NASDAQ,47.91195102696331,-1.2889432208573548,-1.1033444917568023,-59.44841630153799,52.17391304347826,93.90072110312644,21.63777383719099,47.43940720355342,1.8648992659465744,95.8822560587558,156.74168001523415,90,,
67,SMSI,"Smith Micro Software, Inc. - Common Stock",NASDAQ,47.72726810914423,0.6749409111064658,0.942533979605648,-30.158730008554684,40.57971014492754,142.22353162483955,37.59789212805857,68.181809561314,0.824797989818223,95.58823078252044,354.86661283746514,65,16647063.0,Small
68,ENSC,"Ensysce Biosciences, Inc. - Common Stock",NASDAQ,47.439353879210145,-1.67820206655173,-2.133491783457657,-79.03954825470863,40.57971014492754,238.21699489840626,23.23599849714693,61.11110848304071,-0.47350804735903673,87.80095799872295,22.178914688163225,45,1987231.0,Small
69,ACHC,"Acadia Healthcare Company, Inc. - Common Stock",NASDAQ,47.410828977872896,2.4786390743244198,3.3652539260538155,-32.09302449368213,50.72463768115942,19.306057251219567,51.762887724628555,89.6861017230971,0.10150658528087672,100.0,80.5187474741089,10,2362465792.0,Mid
70,ANNA,"AleAnna, Inc. - Class A Common Stock",NASDAQ,47.12230916114824,1.411870302924004,2.0675563451528762,-31.858410876219196,44.927536231884055,214.00378695333498,50.12641601085402,67.91569140263812,0.2349777978457936,100.0,332.53904494764504,45,166298912.0,Small
71,BDSX,"Biodesix, Inc. - Common Stock",NASDAQ,47.06343001912725,3.027074715124663,5.02749949304783,-36.065573038219895,52.17391304347826,-87.4985339307077,64.30533317831197,87.90073186374113,0.23772793145638285,100.0,138.1743127873159,25,150240000.0,Small
72,NETG,Leverage Shares 2X Long NET Daily ETF,NASDAQ,46.59045458600686,0.1363335329835757,0.13168540485310584,-49.626050981084,50.72463768115942,150.32186459489458,33.06306762043741,47.0988210385474,0.7367770570477653,95.61230526765117,45.90316573556797,45,,
73,GANX,"Gain Therapeutics, Inc. - Common Stock",NASDAQ,45.933018065626705,0.9640468301674676,1.0100594506244738,-61.24401743307596,47.82608695652174,-43.53926069428433,25.738730180655978,78.70370278387898,0.1688901116222879,100.0,101.99660302626665,20,117309352.0,Small
74,CONX,Direxion Daily COIN Bull 2X ETF,NASDAQ,45.28156811623203,-0.9640175024447716,-1.2358722298866192,-76.89793915114727,36.231884057971016,150.11126060856964,19.86570066393515,63.544761299581296,0.355837210898397,88.67613720217416,117.98102686653631,55,,
75,COIG,Leverage Shares 2X Long COIN Daily ETF,NASDAQ,45.19685677951688,-1.0221912528517674,-1.3109209755417253,-77.02854600705646,36.231884057971016,83.95848592043134,15.655317715938025,63.710930156364206,0.36781079489817037,88.9274714495592,72.16555977229602,45,,
76,CONL,GraniteShares 2x Long COIN Daily ETF,NASDAQ,44.87577392558186,-0.978166306391817,-1.253397283416438,-77.09074644022388,36.231884057971016,99.76493170888283,16.73238999415033,63.766521385361244,0.3609484152508478,88.85714213053384,120.85609794170773,60,,
77,DLLL,GraniteShares 2x Long DELL Daily ETF,NASDAQ,44.57653841614801,1.0198751349362394,1.2453790554015607,-39.0017219320674,52.17391304347826,15.760388704767347,34.87909979568475,71.33078763182294,-0.25055044210797467,90.49081612839029,118.70324189526184,40,,
78,SPOG,Leverage Shares 2X Long SPOT Daily ETF,NASDAQ,44.570095807296205,-0.1652695177787912,-0.18055035296807675,-55.64902672927282,47.82608695652174,185.9524530234941,31.983301745437444,80.45423424835164,0.33574510035034344,100.0,51.1969904240766,10,,
79,GENVR,Gen Digital Inc. - Contingent Value Rights,NASDAQ,44.531255093170444,-0.5327179494481381,-0.6082248592910987,-79.93579460396379,42.028985507246375,114.49918719519818,21.20428682361483,42.767597953210064,-3.2214771294980324,67.27272813970391,70.8426851662926,30,,
80,PTIR,GraniteShares 2x Long PLTR Daily ETF,NASDAQ,43.22723947926419,-0.1312405609402232,-0.12002971800444188,-58.92500486747713,52.17391304347826,37.53402233489063,23.750944834478055,82.05714634486607,0.5504591215978911,100.0,141.54112625671422,25,,
81,ZD,"Ziff Davis, Inc. - Common Stock",NASDAQ,43.21489268178389,1.26468479192375,2.533126482994578,-33.791209733460896,46.3768115942029,86.47913599974811,41.730461189038856,72.10171831130182,1.9432332599645536,96.95303142139373,224.31912536012408,65,1671846144.0,Small
82,PLTU,Direxion Daily PLTR Bull 2X ETF,NASDAQ,43.061556071001974,-0.10274695946040913,-0.09275281313563892,-59.14661952118884,53.62318840579711,50.40437440436387,24.963404208645095,81.87473557400969,0.5532631690270725,100.0,120.64658982504967,25,,
83,PLTG,Leverage Shares 2X Long PLTR Daily ETF,NASDAQ,42.976460247712026,-0.17210750187790738,-0.15445549245724374,-59.60937059793251,53.62318840579711,26.791766841403543,23.05530048016515,81.48149170176075,0.5490971575870651,100.0,130.86394205897568,25,,
84,INTA,"Intapp, Inc. - Common Stock",NASDAQ,42.83513326509198,-1.7685486524491008,-1.698619550471435,-59.156702200088915,42.028985507246375,72.78433809819764,18.37826961233002,65.4939057132559,1.146397834689971,98.33804381438692,106.89543541599222,55,2278375424.0,Mid
85,IBG,Innovation Beverage Group Limited - Ordinary Shares,NASDAQ,42.52577439949859,-0.41472862202305844,-0.4855266074570896,-75.77617381467925,39.130434782608695,191.43670963148503,26.498213919931818,64.38095325461312,2.8529849297028425,100.0,350.68452206215943,70,3838185.0,Small
86,IMUX,"Immunic, Inc.  - Common Stock",NASDAQ,42.196532429198626,2.7575345344793627,3.586173531410335,-28.370789103534438,53.62318840579711,126.19149142264416,62.97350031088874,71.50610830350135,0.16300657490069925,100.0,64.70712732536813,10,160471744.0,Small
87,BMM,Blue Moon Metals Inc. - Common Shares,NASDAQ,41.86603042745944,2.5064964684580997,2.622548042968949,-29.585802517380337,60.71428571428571,-7.81761600309987,,75.74257355626335,-0.06868816694235848,95.49113996637108,164.79372214391833,40,485037984.0,Small
88,MNYWW,MoneyHero Limited - Warrants,NASDAQ,41.818185512684614,0.9329806285723315,1.1794571961533669,-50.0,40.57971014492754,-1.329486003991165,26.867301797323112,76.59574586134137,0.0,100.0,22.115936483642624,10,,
89,IRD,"Opus Genetics, Inc. - Common Stock",NASDAQ,41.73912460577143,4.192729968286217,4.99645466125641,-22.800002098083496,62.31884057971014,51.26680894721538,72.36477538915648,73.23419787697547,0.20706598733277234,100.0,106.19782079763038,20,337234976.0,Small
90,STTK,"Shattuck Labs, Inc. - Common Stock",NASDAQ,41.6075589623798,4.975650228797729,7.855676210111409,-25.625004346171842,57.971014492753625,-3.3525174112530864,74.80643070988992,85.85858342599147,0.8448535820032194,100.0,238.75713228853988,40,379046240.0,Small
91,PUBM,"PubMatic, Inc. - Class A Common Stock",NASDAQ,41.42856472473857,0.3475269100791995,0.42619213474627315,-32.690243717453185,46.3768115942029,39.850810332994044,29.435199073920458,84.34782632732814,0.23933078744345387,100.0,133.16528666315685,25,422382336.0,Small
92,LASE,Laser Photonics Corporation - Common Stock,NASDAQ,40.68441696570346,-1.6214487662217,-1.3634514268102103,-82.21893518880353,50.72463768115942,143.61262578444646,21.761685083298673,76.25571211226358,0.19886261626031576,100.0,48.84537112635722,10,25280476.0,Small
93,MYNZ,Mainz Biomed N.V. - Ordinary Shares,NASDAQ,40.202698076703115,-0.09422970892152938,-0.10725815079512922,-56.148148357459384,43.47826086956522,42.82216909567376,22.90752809421149,52.286583122036696,-0.6749612703169946,87.83068672940104,28.092482758065685,55,10387729.0,Small
94,KZIA,Kazia Therapeutics Limited - American Depositary Shares,NASDAQ,40.06791488982755,0.8022678977383969,0.9359623281285113,-68.19338476420373,49.275362318840585,-17.129358478778645,24.567312220380913,69.51806597655134,-0.1546004250602364,82.41758053307821,95.25065963060686,35,93521928.0,Small
95,HFFG,HF Foods Group Inc. - Common Stock,NASDAQ,39.21569635757179,-0.42866101918740984,-0.4620473783893685,-47.211898629031154,47.82608695652174,54.84029774329486,23.525016557351833,84.94623917791229,0.2360293714926498,100.0,75.21588177690732,10,112983368.0,Small
96,RXT,"Rackspace Technology, Inc. - Common Stock",NASDAQ,38.92616912709839,1.6520335893193736,8.638428774624646,-65.91666724615625,31.88405797101449,230.4147807490548,55.455011677942814,70.41068818985292,-0.018768780597860003,84.14633744485843,39.82337563867171,20,507770976.0,Small
97,XCH,XCHG Limited - ADS,NASDAQ,38.64734193797914,1.7077767873480756,1.785448433738894,-38.55072515097468,56.52173913043478,56.58449290875034,46.329180819358726,73.62637780107526,0.4748563375884478,100.0,175.10280373831776,30,85312952.0,Small
98,CD,Chaince Digital Holdings Inc. - American Ordinary Shares,NASDAQ,38.4236444523578,-0.4879676884029892,-0.59613587320198,-63.03725131940884,40.57971014492754,-8.23398481568437,15.94244847259966,53.661326563191174,-21.6067913190917,70.5144295295388,137.08570764042332,45,398316352.0,Small
99,RCAX,Defiance Daily Target 2x Long RCAT ETF,NASDAQ,38.37064742268921,1.210470132396869,1.142788885677425,-41.80816992926267,63.63636363636363,10.485543242898988,,72.86481101540805,0.7312493190270538,100.0,298.57347404147004,30,,
100,SAFX,"XCF Global, Inc. - Class A Common Stock",NASDAQ,38.125003608875055,-0.4271489087545146,-0.6786972111324792,-84.03263430792023,39.130434782608695,-65.41786181703588,11.406406276806024,58.29959306561559,0.5969417247363,87.69841161902652,62.413297913454535,55,51467388.0,Small
101,BRCB,"Black Rock Coffee Bar, Inc. - Class A Common Stock",NASDAQ,38.00828960611351,-0.7853434321265522,-0.8674291566195902,-52.95786258867084,44.927536231884055,21.87135083452414,18.01965902207345,63.04604051731262,4.022311408994994,100.0,150.48990922049666,70,290666656.0,Small
102,TRI,Thomson Reuters Corp - Common Shares,NASDAQ,37.84318358044105,-0.9668887054539856,-0.9719964533662808,-39.84037706641007,46.3768115942029,87.9225956791712,22.777616517202183,75.627345769279,0.43719093393977865,100.0,82.22555604663756,10,49599700992.0,Large
103,AGCC,Agencia Comercial Spirits Ltd - Class A Ordinary Share,NASDAQ,37.61398799645779,3.3615287296001912,3.8975567570992697,-35.37414598209716,57.971014492753625,-34.37597157450588,71.36624579576504,71.15507669379434,0.24791272044706844,100.0,95.53476252516879,10,359963424.0,Small
104,STRO,"Sutro Biopharma, Inc. - Common Stock",NASDAQ,37.44565999913547,4.319267609587939,5.057095330016291,-20.65217019479524,60.86956521739131,17.474264586207333,76.74880281597405,84.71483900089144,0.36640705822215885,100.0,114.72142331616615,20,414446880.0,Small
105,MGRT,Mega Fortune Company Limited - Ordinary Shares,NASDAQ,37.15669939638888,1.4842314032585313,3.608315444983059,-63.1417634292871,36.231884057971016,-1.6988242683573018,31.207984974178675,61.233481240394326,0.43507240014122556,68.80064559267998,37.696554615975955,20,116737496.0,Small
106,CGNT,Cognyte Software Ltd. - Ordinary Shares,NASDAQ,37.06623613938205,0.6694434704634815,0.6102801523781952,-35.76494198481174,55.072463768115945,49.735686204720864,34.07452133509662,76.54723213044528,0.8395228668542619,100.0,74.78893878515717,20,634700928.0,Small
107,CNTX,Context Therapeutics Inc. - Common Stock,NASDAQ,36.84210196096147,4.647127726266141,5.911497084033903,-16.858231283021773,57.971014492753625,-21.604725329653697,71.8862919933035,78.08219334671634,0.9837804258636522,100.0,100.2236091778546,30,286663008.0,Small
108,ASUR,Asure Software Inc - Common Stock,NASDAQ,36.56068937973409,1.3821204776248261,1.3876633628830721,-31.620551832529507,56.52173913043478,57.589257463961616,41.89179265011823,72.14912750806205,0.2841762792707466,100.0,126.18619293906004,25,268128192.0,Small
109,NBTX,Nanobiotix S.A. - ADSs,NASDAQ,36.506032928497945,2.3791528019527868,3.145033621703586,-14.070570094529481,52.17391304347826,23.614958448753455,52.387565010418776,71.26352374874085,0.10078606604392089,94.60061616968724,155.15966386554624,50,1644706560.0,Small
110,LUNG,Pulmonx Corporation - Common Stock,NASDAQ,36.48648343876913,1.4097644327090078,2.0310199118695356,-45.384615031925165,46.3768115942029,2.1962381847945744,36.21816488748115,73.91304437965448,0.9363178385820253,100.0,240.61663113653435,40,83319000.0,Small
111,INTS,"Intensity Therapeutics, Inc. - Common Stock",NASDAQ,36.13013016347675,-0.32477577359774024,-0.328606617378338,-62.2033911236262,40.57971014492754,0.15613378243830578,17.570037580492656,67.10261285641178,-0.5495355845830269,81.53845958220654,33.18922966946931,35,20144218.0,Small
112,INTZ,Intrusion Inc. - Common Stock,NASDAQ,35.89743354616777,-0.6933209395132073,-0.9193142953762679,-49.35064995383349,37.68115942028986,16.75040518638573,17.289169079054385,58.82352528687583,-0.06141592437667132,94.64285163094806,77.00423405289095,55,21309116.0,Small
113,AXON,"Axon Enterprise, Inc. - Common Stock",NASDAQ,35.55875837334332,0.7578214158073303,0.8770571528709152,-37.701674515960235,52.17391304347826,32.22315657711692,33.0546382783541,83.18465814013697,0.009016663852545119,99.12275866372127,73.45547908904967,10,46149066752.0,Large
114,VSTD,Vestand Inc.  - Class A Common Stock,NASDAQ,35.32109815818909,-1.576936189718925,-1.5519551197889438,-62.478484363577266,40.57971014492754,-65.26501616470988,10.30613148353835,56.74156870689756,61.45159099285469,95.46925591313308,122.98328332618946,85,4277606.0,Small
115,FA,First Advantage Corporation - Common Stock,NASDAQ,34.748610912058965,-0.40196571587553603,-0.43879259614672317,-43.06615994125075,50.72463768115942,80.64014019012428,26.33778023076089,73.75232138654755,2.5382490297741542,98.69067230838112,95.65319925381482,35,2102288640.0,Mid
116,FIGG,Leverage Shares 2x Long FIG Daily ETF,NASDAQ,34.26967097297955,-0.832938940137444,-0.9077990707919431,-73.17402341197791,42.028985507246375,160.55319107429096,22.93636726355047,65.64722933342333,-0.019122540850322632,85.97122767988274,90.42511064523643,45,,
117,DWSN,Dawson Geophysical Company - Common Stock,NASDAQ,34.191178565258376,3.507886680513862,4.020329955599351,-21.212124861012807,56.52173913043478,57.237144889335156,64.055315856215,74.45887754181562,-0.004391096112800745,99.18478340093601,135.43189755529684,25,113324472.0,Small
118,MOVE,Movano Inc. - Common Stock,NASDAQ,34.06157307967679,1.0331389366319836,2.751251721006679,-50.92592850789012,43.47826086956522,-89.69212460468755,27.300457248056997,59.57917522297807,-1.2889041732419901,92.84731798774719,54.60473568870597,55,15416055.0,Small
119,RCKY,"Rocky Brands, Inc. - Common Stock",NASDAQ,34.02688540744243,2.10283221275395,5.2959072381466585,-8.226628970853954,46.3768115942029,32.165822957996994,49.88062786782141,74.0198018724127,-0.1077696116087701,91.98033709216244,80.18115942028986,30,328499936.0,Small
120,INTU,Intuit Inc. - Common Stock,NASDAQ,33.82562363061328,-2.1746933342413057,-1.9616623017515045,-46.88187605141873,44.927536231884055,61.60296197884385,19.8214504586801,72.22615224380084,1.7586178506033037,100.0,105.29667218107063,45,133897142272.0,Large
121,AURE,Aurelion Inc.  - Class A Ordinary Shares,NASDAQ,33.72092523595469,-1.6952601620460974,-2.358108262999625,-70.05545193234518,31.88405797101449,53.6824654806735,13.84082803150016,49.64285747737301,-0.03676571251221874,76.92307508295411,305.90397028496625,50,79577312.0,Small
122,RSVR,"Reservoir Media, Inc.. - Common Stock",NASDAQ,33.68983923129261,2.861187131038683,5.704225276531632,-5.249345162399349,59.42028985507246,45.25845816337024,56.82270479658111,88.52460426017434,0.29943877912864014,100.0,166.7891802601693,30,656002176.0,Small
123,TNGX,"Tango Therapeutics, Inc. - Common Stock",NASDAQ,33.15005005853897,2.1305639876964584,3.9627558422444156,-22.456460527323337,44.927536231884055,21.05311721395873,49.62044124161939,72.52503474705566,1.3244768355961904,100.0,171.21030076512142,55,2282776832.0,Mid
124,EXPE,"Expedia Group, Inc. - Common Stock",NASDAQ,32.70465490543175,0.22796319825301412,0.2353199564626817,-37.43652526930703,46.3768115942029,63.65387627518011,29.15130345970376,66.55696791682992,3.0807505077485757,99.23670262376079,94.13189728726626,50,30587154432.0,Large
125,SSP,E.W. Scripps Company (The) - Class A Common Stock,NASDAQ,32.46377126080373,1.5659311255866208,2.4118479051630652,-33.46938924459751,47.82608695652174,-27.98680563008381,38.31988017850328,73.79912541002261,0.5284317514016834,100.0,174.30371026473773,30,406861824.0,Small
126,BTQ,BTQ Technologies Corp. - Common Stock,NASDAQ,32.35293881939132,-1.8029099207946766,-2.225600889130043,-67.65119677741248,37.68115942028986,-7.566451016585962,11.625845225886255,56.08552986307162,-0.21528912006788264,82.6771690990994,79.05128320447456,45,441081696.0,Small
127,TTAN,"ServiceTitan, Inc. - Class A Common Stock",NASDAQ,32.23337725738651,-0.19008322745013465,-0.18467673626061096,-44.93699299902231,50.72463768115942,20.62752051139305,23.827434470474337,79.26439871349814,0.3674394944405859,100.0,77.82206656455365,10,7767987712.0,Mid
128,CCCC,"C4 Therapeutics, Inc. - Common Stock",NASDAQ,32.173914125150475,1.2427169868598087,1.633048357710449,-39.14590487658487,46.3768115942029,34.524473948502,37.00715865985661,78.894476816994,-0.06117811112819169,95.89905011633623,151.57161549283305,40,294619808.0,Small
129,NOTV,"Inotiv, Inc. - Common Stock",NASDAQ,32.14285828325212,-2.0306747926161828,-2.301973344379109,-72.34042647630719,37.68115942028986,26.095487346898704,13.059407815333497,64.51612810190471,-1.6258070343865136,88.09524198102855,96.0561389165666,45,12695793.0,Small
130,APP,Applovin Corporation - Class A Common Stock,NASDAQ,31.92686172302528,-0.028750481716996096,-0.02490542078611068,-49.985003288876506,53.62318840579711,33.1339914628457,25.534861247089374,72.0716926100572,0.680837106482255,98.73761543554818,83.02859687759197,10,169700737024.0,Large
131,MSGM,Motorsport Games Inc. - Class A Common Stock,NASDAQ,31.908835527655977,2.867042620429473,3.8587890435930854,-27.828054249827282,55.072463768115945,-0.6660202102684476,55.01175700421056,82.0045580849526,0.8994244462100862,100.0,230.3422645807109,40,23513228.0,Small
132,AVX,Avax One Technology Ltd. - Common Shares,NASDAQ,31.834530214623904,-1.607154926335249,-1.432840544303545,-73.64928806061843,44.927536231884055,34.52401153911422,14.85078693114636,54.13222672322046,-0.20809293119827682,94.82535299366448,64.77983037062856,55,67928720.0,Small
133,RVSN,Rail Vision Ltd. - Ordinary Shares,NASDAQ,31.7891325616392,-1.3197212509829175,-1.119633465452701,-98.85612880238789,43.47826086956522,156.8690003261907,21.107792193484485,74.65069772891302,-0.06810144364870795,96.0419074907064,12.54875523667357,20,18085872.0,Small
134,OVID,Ovid Therapeutics Inc. - Common Stock,NASDAQ,31.72413129727163,1.3934574285348806,1.6084296120896173,-25.55555172908443,49.275362318840585,-22.68926079897229,37.486569238404144,84.50704107112395,0.7773029301134237,100.0,174.47355029442411,30,136015584.0,Small
135,ALLR,"Allarity Therapeutics, Inc. - Common stock",NASDAQ,31.634824476654444,0.6036135042560594,0.7523572867445307,-39.09774614678392,44.927536231884055,2.864690574865736,28.19019141693747,74.65668165935784,0.5002886714252496,100.0,129.7916107682676,25,19940416.0,Small
136,DKNX,Defiance Daily Target 2X Long DKNG ETF,NASDAQ,31.597214724692435,-1.0956504507726175,-0.9540086782474045,-67.17325104751994,49.275362318840585,53.52659210225976,17.670011608963712,73.11320846345228,-0.6614652745682199,81.04062487759381,45.48022598870056,20,,
137,ADBG,Leverage Shares 2X Long ADBE Daily ETF,NASDAQ,31.48147512219932,-1.3641608912982859,-1.1728977518959343,-54.53694738741848,52.17391304347826,77.67227082479991,21.278000434756336,65.35432568278765,1.7710043426413355,100.0,155.14332122562908,70,,
138,OKTG,Leverage Shares 2X Long OKTA Daily ETF,NASDAQ,31.464965225309104,0.1834140782416219,0.1821720001916504,-48.03332235873999,52.17391304347826,131.9317635752042,32.74286111737554,38.47912636997317,-0.9972433081696078,79.42534516716428,348.5617597292724,40,,
139,CCIIW,Cohen Circle Acquisition Corp. II - Warrant,NASDAQ,31.44758852603666,1.1904240781693534,1.7078327839686696,-27.5903586684437,24.637681159420293,-31.917808219178077,29.769449310507053,67.84452914530921,-0.055989179464418795,99.62169464802892,60.74709124311084,25,4996117.0,Small
140,HNST,"The Honest Company, Inc. - Common Stock",NASDAQ,31.390136398947188,1.001845865795079,1.4614516150461823,-27.586212566434515,46.3768115942029,0.2827816128823102,33.39047391882558,81.7460421081433,0.40815098435022146,100.0,119.5595370518137,20,329549472.0,Small
141,ACON,"Aclarion, Inc. - Common Stock",NASDAQ,31.325299935837634,-0.8303262511103461,-0.9072044897493019,-71.11383264311593,40.57971014492754,-90.69169920305106,10.287173879156354,73.46940066406904,0.7581363090016959,100.0,159.10512054470925,30,3447793.0,Small
142,DTCX,"Datacentrex, Inc. - Common Stock",NASDAQ,31.318683298065064,-0.7926027417574342,-0.9430438085567835,-67.40000009536743,39.130434782608695,-47.60745553222676,10.840872476683241,70.73170542598845,1.4246616997336516,97.55102279135602,145.28806203191573,60,77051112.0,Small
143,DAVE,Dave Inc.  - Class A Common Stock,NASDAQ,31.2458521875846,0.605732476163509,0.5902301539647823,-34.85690654149721,57.971014492753625,29.31946603704043,33.02870034252894,77.39022431933954,0.4944722339955725,99.59671653190203,169.71678867154688,30,2934842112.0,Mid
144,LEXX,Lexaria Bioscience Corp. - Common Stock,NASDAQ,31.170879435370512,-0.18168228704240216,-0.16402902132025415,-60.37313396321504,49.275362318840585,-72.99305228208965,17.42291642435122,77.3936183704087,1.168405216396711,100.0,116.41434262948206,40,20626716.0,Small
145,JWEL,Jowell Global Ltd. - Ordinary Shares,NASDAQ,30.89005464341723,0.5647065395067441,0.7169959846243859,-22.040819206221848,42.028985507246375,-46.456209890524725,26.532569193949428,60.65573706418014,0.32915933981129686,100.0,62.92412091301666,25,5426187.0,Small
146,TTEC,"TTEC Holdings, Inc. - Common Stock",NASDAQ,30.769236941309597,-0.3399908122600784,-0.3396472184683543,-46.907219535575365,49.275362318840585,69.89476421260949,25.310413297952277,60.00000529819149,-1.9376160220854803,89.76897868954919,127.90822248013569,60,132098288.0,Small
147,XYZ,"Block, Inc.",S&P500,30.69951099715209,0.6352271413416954,0.6525328956007831,-31.313838933631207,55.072463768115945,48.44712445817865,34.31115940016203,79.42330274738475,0.15759107261801186,98.44168081750698,102.12333846768213,20,40306421760.0,Large
148,LFWD,Lifeward Ltd. - Ordinary Shares,NASDAQ,30.657090083727656,-0.060889759850321704,-0.07835137553208193,-49.605260392305226,40.57971014492754,-27.27373029173601,19.148299663378683,49.09263250946939,0.9363574381064835,81.14864914934508,45.469880359039216,55,9154509.0,Small
149,CZR,"Caesars Entertainment, Inc. - Common Stock",NASDAQ,30.563800766769276,1.5605312108550322,2.097409757056909,-28.441818080175,52.17391304347826,25.31954730984969,41.35848702236798,82.26562300929817,0.24927121675617356,99.2854436518718,63.77740483397901,10,5388449280.0,Mid
150,EDHL,Everbright Digital Holding Limited - Ordinary Shares,NASDAQ,30.522087853511803,-1.4041397722689788,-1.3971463222738008,-84.06615323904694,47.82608695652174,166.5649747274519,22.559115874951463,50.999332555230176,1.8882191428644572,90.02770344716951,131.04301580180598,95,5415316.0,Small
151,PMTS,CPI Card Group Inc. - Common Stock,NASDAQ,30.474988318592477,1.230674640272392,2.3596762020854567,-37.967035777038085,43.47826086956522,54.031954887218035,38.014185759244704,70.29412350440228,1.3069215976662576,88.18181887145869,211.21483922142903,75,176734592.0,Small
152,TCRT,"Alaunos Therapeutics, Inc. - Common Stock",NASDAQ,30.324906857520894,0.6696527814393765,0.6761621573907595,-46.33027884145635,53.62318840579711,-58.21290656475179,26.484754173390314,100.0,0.23441729742626133,100.0,154.18472824274758,30,8056902.0,Small
153,PALU,Direxion Daily PANW Bull 2X ETF,NASDAQ,30.285717192150297,-1.1545633066775578,-1.08701559741062,-51.96770145684574,44.927536231884055,118.57826501728104,22.604240465307956,46.31592845274765,4.093930407974428,96.00000214158443,72.54150702426566,70,,
154,AIIO,Robo.ai Inc. - Class B Ordinary Shares,NASDAQ,30.275236757583812,-4.0723193384454905,-3.7592378026865654,-85.84415583410278,36.231884057971016,19.170425775956467,11.39660235815159,54.4776158406919,0.8207070392883158,81.142861181376,52.96514031656692,55,52589480.0,Small
155,NFLX,"Netflix, Inc. - Common Stock",NASDAQ,30.255197337078243,-0.6342900866505037,-0.7549981964341127,-30.626427371825997,47.82608695652174,11.881772758744514,21.735507293785123,87.2519291618443,0.09714684724893485,99.84874303857164,101.27251144205755,20,420031889408.0,Large
156,SEZL,Sezzle Inc. - Common Stock,NASDAQ,30.035400390625,1.5757066346649866,2.085637343712724,-26.785018348313656,52.17391304347826,7.856173498942387,42.28224519597852,57.64916639771735,-0.3613409671495686,86.74144494432343,71.87428443625559,55,2509228544.0,Mid
157,PANG,Leverage Shares 2X Long PANW Daily ETF,NASDAQ,29.922594419292793,-1.1752621802346432,-1.0902173732545444,-52.159493652560855,46.3768115942029,124.36117449601144,23.217096082031162,46.4285707172138,4.452144564138546,96.08471641589635,68.03953871499176,70,,
158,WFF,WF Holding Limited - Ordinary Shares,NASDAQ,29.729725158153663,0.17673430794531833,0.2321321299056141,-50.68493083575181,43.47826086956522,172.92165825977307,33.08992473968869,55.41740559307519,0.7398372726956133,76.9230736166063,392.0461972817994,50,12078605.0,Small
159,ANIK,Anika Therapeutics Inc. - Common Stock,NASDAQ,29.304027352636798,2.864918264312401,5.58012819899224,-8.517028725283303,53.62318840579711,-4.847298857949445,52.98387695121468,90.47620551986131,-0.03991509723765981,98.05555735841213,112.72715012980008,20,203627632.0,Small
160,CCOI,"Cogent Communications Holdings, Inc. - Common Stock",NASDAQ,29.21253081200983,1.6525987827026363,1.4940391952725849,-35.39406845256931,56.52173913043478,26.381320839991428,43.22552246563772,41.071366607461144,-0.8214246406012257,83.47895920710985,85.3342682203012,45,1154934016.0,Small
161,VEEA,Veea Inc. - Common Stock,NASDAQ,29.197080503683882,0.9499187618003216,1.0713832490423583,-47.972974932219856,47.82608695652174,204.1293289348968,42.81126260759785,56.48148510968003,3.1071401290655767,80.57663651612197,38.07332675993274,70,26756336.0,Small
162,INTG,The Intergroup Corporation - Common Stock,NASDAQ,29.163719524579477,0.8132501880176789,0.9262532360860004,-23.475606813095993,46.3768115942029,-27.245599838154966,30.708197205734784,76.80444170991147,0.5892937696969235,100.0,82.1411192214112,10,78324200.0,Small
163,TREE,"LendingTree, Inc. - Common Stock",NASDAQ,29.061369914640988,-0.3476568478641935,-0.3842538738210007,-51.12483365037406,47.82608695652174,75.00140842803336,24.751842391538386,55.344420419748715,-1.423019623286299,90.39191393476948,133.30543326921685,70,586472896.0,Small
164,HUDI,"Huadi International Group Co., Ltd. - Ordinary Shares",NASDAQ,28.695656500601906,1.2454034679320432,1.5138087686769157,-17.228465355906245,42.028985507246375,126.79978980557016,43.79722389435743,76.11940643733763,0.4142920185182511,100.0,53.135619400679644,10,21162790.0,Small
165,CALC,"CalciMedica, Inc. - Common Stock",NASDAQ,28.6725665770698,-1.6737415547743772,-1.4211990788146878,-92.47774412011655,44.927536231884055,-48.001634703880484,9.105409164143982,56.84411180657446,2.05003969371402,98.64314916980514,178.90670724569824,80,10475656.0,Small
166,GXAI,Gaxos.ai Inc. - Common Stock,NASDAQ,28.57142992300783,1.359037245717021,2.5461680375726927,-48.500001430511475,33.33333333333333,85.80668254439297,38.74654948118966,63.38028444906805,3.591332481831356,89.50276552388203,277.63419429440097,90,13995430.0,Small
167,QCLS,"Q/C Technologies, Inc. - Common Stock",NASDAQ,28.57142857142858,1.1146814761387593,2.090972409967,-49.7109829377744,36.231884057971016,-78.69666258865651,27.345777823010796,61.83205724811491,1.407143021359753,100.0,298.9319396888328,70,35340432.0,Small
168,CCC,CCC Intelligent Solutions Holdings Inc. - Common Stock,NASDAQ,28.542102176316163,-0.43946170822785496,-0.5491691216524707,-43.04093828165739,43.47826086956522,42.10432965516835,22.34515899159188,69.52662634242687,1.4916966614726108,98.73817158074672,84.89726659136338,50,4011267840.0,Mid
169,VIR,"Vir Biotechnology, Inc. - Common Stock",NASDAQ,28.532979964688376,2.1942615911789263,3.240243619809738,-15.044247040743763,49.275362318840585,100.60026076847599,55.381555824934004,66.04938339740096,0.06849980837861573,95.50000190734863,81.03314727357453,35,1500919424.0,Small
170,AVIR,"Atea Pharmaceuticals, Inc. - common stock",NASDAQ,28.32243291244232,4.746577704232809,7.599588138754531,-6.849314889533817,56.52173913043478,15.186671848622124,64.00703392071185,88.72550715396332,0.4995398374290296,100.0,164.52071224282682,30,460166848.0,Small
171,ABOS,"Acumen Pharmaceuticals, Inc. - Common Stock",NASDAQ,28.294575219400553,2.9663159169267606,4.369164841934693,-24.561401307307644,53.62318840579711,-41.80297927461141,57.141639270913416,81.24999883584675,0.007992002143381277,99.1017972406975,107.14986834520045,20,200498032.0,Small
172,IONL,GraniteShares 2x Long IONQ Daily ETF,NASDAQ,28.28508050547429,-0.7369325749186721,-0.8272886839025728,-74.1185498300849,46.3768115942029,48.623150360552444,17.57210401847141,51.71475532048546,4.245413157848801,76.22408746577479,82.4102344124549,55,,
173,MRVU,Direxion Daily MRVL Bull 2X ETF,NASDAQ,28.14317181575405,2.9787989633697944,6.322634231842985,-14.822373191883715,60.0,0.0,,66.31046016666238,,100.0,249.84488107549123,45,,
174,CLBT,Cellebrite DI Ltd. - Ordinary Shares,NASDAQ,28.14070961838089,-0.5782337390356481,-0.5593505237218301,-37.94178938449442,53.62318840579711,46.070061887261126,24.382156852360485,54.78260653230827,1.671976418021509,100.0,78.96921962982071,60,3740377344.0,Mid
175,OPRA,Opera Limited - American Depositary Shares,NASDAQ,27.736003515130324,1.0707411033074272,1.4160986391759953,-18.351798445550447,52.17391304347826,10.250626464462375,37.22834076923067,72.55812901300811,-0.0510172387033174,95.32418384746919,100.60566927100147,30,1370718720.0,Small
176,EOLS,"Evolus, Inc. - Common Stock",NASDAQ,27.713632961804137,-0.5288803431195624,-0.7288123847436947,-42.79778068620568,47.82608695652174,17.154549759718197,21.189265646614466,73.92997762203561,1.2628148615622359,97.70318655285479,266.45610381068525,65,358453408.0,Small
177,MVLL,GraniteShares 2x Long MRVL Daily ETF,NASDAQ,27.687940389635067,0.4931510813172596,0.6739729970554234,-48.92996134217476,44.927536231884055,-0.5960313364197223,25.296189328033257,66.36990446557473,1.017229920025891,100.0,251.27544447307395,65,,
178,BLSG,Leverage Shares 2X Long BLSH Daily ETF,NASDAQ,27.635033279521416,-0.6854020519829982,-0.859728411914908,-75.78697108843225,39.130434782608695,47.956336580351454,16.196332940395056,59.477461506761344,0.11032097917841742,90.1147736987496,42.75127373784159,55,,
179,IONX,Defiance Daily Target 2X Long IONQ ETF,NASDAQ,27.625570925388487,-0.7957969501568756,-0.9049528112229109,-74.66262814569525,44.927536231884055,52.38586206826703,17.072099513780458,51.39802718003633,3.6622796633551884,75.59161821508921,88.52695145667204,55,,
180,BRZE,"Braze, Inc. - Class A Common Stock",NASDAQ,27.54907813999081,-1.2610220130204797,-1.4084811103540906,-56.369161201902685,40.57971014492754,20.670912867807935,15.310051650816147,62.71271046708859,0.6157785641350191,96.45593965104837,77.98602287166455,35,2469929216.0,Mid
181,CURX,Curanex Pharmaceuticals Inc - Common Stock,NASDAQ,27.450978100551858,-0.10455186338561329,-0.16760683419932765,-44.96919651468257,37.68115942028986,235.22125359767608,32.51163317356257,66.1490626892725,-0.403508839373191,83.33333121066077,5.921018444334655,35,11052916.0,Small
182,MGNX,"MacroGenics, Inc. - Common Stock",NASDAQ,27.42857251848494,2.8137936106762433,4.7075853754478185,-13.07189099440028,46.3768115942029,-48.85073531772599,50.102880833774414,81.70731849148483,0.6442069262749782,100.0,129.01850375120023,25,141066528.0,Small
183,NEXN,Nexxen International Ltd. - Ordinary Shares,NASDAQ,27.303752016691575,1.3466393074439504,1.4069582792914808,-16.053021483234645,56.52173913043478,-3.8355878708156044,39.056061950395446,78.5714357268492,0.5787066501216792,99.73262057653055,129.31834768646914,25,423344736.0,Small
184,YJ,Yunji Inc. - American Depository Shares,NASDAQ,27.246580853120285,1.114328968771301,1.366240494702022,-30.434782930621896,44.927536231884055,-93.92754903960179,31.334904199555407,69.48052224511368,0.8680090507149851,100.0,92.99085764040052,35,8718206.0,Small
185,PDYN,Palladyne AI Corp. - Common stock,NASDAQ,27.123691273880056,1.9092751539674384,2.7152982701792094,-30.25209700166388,44.927536231884055,1.932647249943198,45.64443147788468,62.51729029566348,0.7416136835137994,85.64256727209984,271.6635936878467,65,381371360.0,Small
186,ELTX,"Elicio Therapeutics, Inc. - Common Stock",NASDAQ,27.103831686377667,1.7308492901136634,1.8832465696421303,-19.44444189723731,52.17391304347826,30.251463512904998,45.12494273887237,69.84535974781706,-0.4013760436327454,84.03179180793772,124.45548337791364,50,200718128.0,Small
187,SLE,"Super League Enterprise, Inc. - Common Stock",NASDAQ,26.979466707293387,-1.6365939660901727,-1.5409639298723292,-72.58986861266095,43.47826086956522,-78.84499468154993,9.621918597330426,50.0,-1.5395860902347644,92.5213692848186,93.23899371069182,55,5022800.0,Small
188,SVRN,OceanPal Inc. - Common Stock,NASDAQ,26.952138372853305,-2.460424038114521,-3.1064676399942273,-72.46478771553271,34.78260869565217,235.05953646677682,22.898423274688845,49.61479234852682,-0.5750001122404427,72.41379635181883,375.74138014187383,50,17287302.0,Small
189,BWIN,"The Baldwin Insurance Group, Inc. - Class A Common Stock",NASDAQ,26.916119939425286,-0.9712300571442981,-1.1731721669468853,-42.12557044007035,43.47826086956522,35.0131132065072,18.71055480414282,70.83717537557845,-1.2485059887979453,90.52949247118656,97.3870030811437,30,2034044160.0,Mid
190,CRMG,Leverage Shares 2X Long CRM Daily ETF,NASDAQ,26.858110339472606,-1.086873032752709,-0.9861955634643004,-57.287155678666245,47.82608695652174,119.0137359371454,22.545147087699792,59.11214950667979,1.0537622681096663,100.0,105.65649308481977,65,,
191,VERX,"Vertex, Inc. - Class A Common Stock",NASDAQ,26.766420103930688,-1.2302863500446528,-1.183986077078394,-41.658587568619915,44.927536231884055,58.72903363805499,20.30192581858262,68.01152104129106,-1.9343921754538822,96.94850886074414,50.73240216832192,35,2439342592.0,Mid
192,AIRS,"AirSculpt Technologies, Inc. - Common Stock",NASDAQ,26.666663295090753,-1.2933307487057641,-1.3332934404399461,-59.27835061048673,43.47826086956522,-40.701206332287775,11.843785967664937,57.57575593375611,-2.8024670960514952,92.07048157402477,136.34949052152524,70,130492640.0,Small
193,KDKRW,"Kodiak AI, Inc. - Warrant",NASDAQ,26.49573276577484,0.6884798646218111,0.7307304939692808,-31.176475043115193,51.02040816326531,-10.807884765186627,,59.13978604887733,1.258744356005621,100.0,29.990378210347124,60,,
194,GCT,GigaCloud Technology Inc - Class A Ordinary Shares,NASDAQ,26.43405886274195,1.2247415675639803,1.9132038807845078,-23.84598106051333,47.82608695652174,17.61421847391944,37.971695944228955,65.72023996105986,-0.09321011347872758,91.01745154997452,104.8279721927654,55,1584546304.0,Small
195,RZLV,Rezolve AI PLC - Ordinary Shares,NASDAQ,26.388884749677622,0.21636496800702437,0.2570520767083094,-53.56371399081383,43.47826086956522,-30.535827322848384,20.770319335734314,72.54902189944812,,99.63503684567696,87.42186004564249,10,1088799360.0,Small
196,VELO,"Velo3D, Inc. - Common stock",NASDAQ,26.145824744469937,2.487544060574744,3.6603171739287554,-59.16704212106146,49.275362318840585,7.908626650086736,60.33955535624819,54.95780443215175,-0.1490719023664306,85.28168886858563,73.78834267948471,55,298119488.0,Small
197,IPSC,"Century Therapeutics, Inc. - Common Stock",NASDAQ,26.10837334282936,4.6019951121236025,7.893893739335994,-36.98113596282326,53.62318840579711,-42.40349184962897,71.55778617482878,85.21738589598732,0.26239966948215016,100.0,118.71378581360128,20,223757600.0,Small
198,EPSM,Epsium Enterprise Limited - Class A Ordinary Shares,NASDAQ,26.08695764848099,-1.3618916132946859,-2.4649394972706102,-74.76190497815746,24.637681159420293,-31.85177251793938,6.671191758538013,56.359484383945805,-30.697707688494322,95.60439337309029,338.5800118473386,65,23382182.0,Small
199,CXDO,"Crexendo, Inc. - Common Stock",NASDAQ,26.07142969661831,0.7877843765873954,0.826347932422905,-25.33333460489909,50.72463768115942,15.248085672624123,33.459986829469,64.00000693581683,1.249375385942628,100.0,181.91409558378706,70,216961200.0,Small
200,SPAI,Safe Pro Group Inc. - Common Stock,NASDAQ,26.010094016392117,0.8322958853318473,0.792490577593158,-43.202416080620345,57.971014492753625,49.47612673893009,35.10110129941351,63.74999664723853,-0.7038060925093305,90.56260551427967,65.59971228196368,45,104656624.0,Small
