Rank,Ticker,Name,Exchange,Return_1M_%,SharpeRatio,SortinoRatio,MaxDrawdown,ConsistencyScore,VolumeTrend,QualityScore,RSI,MomentumAccel,PriceVs20dHigh,VolumeSurge,EntryScore,MarketCap,MarketCapCategory
1,NCI,Neo-Concept International Group Holdings Limited - Class A Ordinary Shares,NASDAQ,851.3513768941256,2.7078475547502596,9.018145180318525,-59.37500058207662,50.63291139240506,222.15015673372588,80.87875442291056,81.39892398638709,0.13486966261150318,100.0,16.978777455334377,10,,
2,MOBBW,Mobilicom Limited - Warrants,NASDAQ,727.2412716406538,1.7821721694796766,7349.286293222605,0.0,1.2658227848101267,,,100.0,1.0,100.0,,20,,
3,EDSA,"Edesa Biotech, Inc. - Common Shares",NASDAQ,482.14285296140883,2.507456546279012,8.153320440871898,-56.04395665576557,40.50632911392405,294.13204042820064,78.01737465505794,85.52971626571505,0.38570501230144116,100.0,126.32513833533918,25,,
4,TURB,"Turbo Energy, S.A. - American Depositary Shares",NASDAQ,442.3242218900401,1.5626177164340491,3.1911907075367485,-75.58233019594273,46.835443037974684,240.87927090443907,48.70674213859987,76.7888291706322,0.37760117103784707,100.0,394.93907949037896,30,,
5,RXT,"Rackspace Technology, Inc. - Common Stock",NASDAQ,396.4028667976254,1.4155339129306463,7.293327571436103,-66.05809172348233,30.37974683544304,274.71881301344416,48.6834079635405,70.41068818985292,-0.018768780597860003,84.14633744485843,39.82337563867171,20,,
6,MOBX,"Mobix Labs, Inc. - Class A Common Stock",NASDAQ,354.14845070220906,1.4501282313481847,8.658520561149235,-78.37037107025479,40.50632911392405,194.30401110300951,47.72792087394862,76.40449304426444,1.4627118163113666,92.85713905582624,391.4175609870673,75,,
7,CDIO,Cardio Diagnostics Holdings Inc. - Common stock,NASDAQ,295.5223924414195,1.3247588110702164,2.5502581693838553,-72.79792795719187,40.50632911392405,258.3070984268934,44.12712362054081,74.78474733526934,0.006186480224912991,80.916031090073,10.83053092648742,20,,
8,SNSE,"Sensei Biotherapeutics, Inc. - Common Stock",NASDAQ,240.52211771977673,1.931008569544266,7.7037381639326625,-26.96159988027327,43.037974683544306,197.17077298867153,78.38644489064666,77.36194759019149,0.0026712932605629028,85.54320006004313,16.812074455691615,30,,
9,XWEL,"XWELL, Inc. - Common Stock",NASDAQ,238.46156432548784,1.2842720999266954,5.401731325271127,-68.81720543817393,30.37974683544304,281.2949244566595,44.773755657708705,71.56862793794642,-0.10071104248439688,77.64705973100494,11.41063564069958,5,,
10,NPT,Texxon Holding Limited - Ordinary shares,NASDAQ,220.3124952269719,3.2444734731154607,6.718661315761666,-27.777778513637607,50.63291139240506,22.619047619047628,76.01150282141917,92.99175467677419,1.1552610328724489,100.0,385.0170558908423,50,,
11,STAK,STAK Inc. - Class A Ordinary Shares,NASDAQ,207.16611862430545,1.458718701203479,3.4462996719206047,-51.58597617087807,44.303797468354425,295.39195506139026,51.7947855086331,68.18991272481985,-0.05379586770540799,88.96227070766687,399.24524488417734,65,,
12,BDMD,Baird Medical Investment Holdings Ltd - Ordinary Share,NASDAQ,206.9306865251247,2.351170675224447,5.653827915596526,-52.7607372282787,37.9746835443038,272.788182619401,68.84942232424042,78.07228759231826,0.04355349324033902,90.11627479847739,60.48141605354942,30,,
13,ANTX,"AN2 Therapeutics, Inc. - Common Stock",NASDAQ,163.88886957256958,2.438989251579058,7.499592247137146,-21.96970223778405,41.77215189873418,160.39862508021426,70.95463188463414,93.65853159290113,1.0149936725688802,100.0,356.978752891344,50,,
14,CRCG,Leverage Shares 2X Long CRCL Daily ETF,NASDAQ,157.0370346168759,0.31138690758110205,0.43062018523403117,-80.86614138860239,41.77215189873418,87.56116239121432,24.80426829560158,81.17647306316883,0.061598585821091484,92.5333340962728,186.02414889092353,50,,
15,BNAI,Brand Engagement Network Inc. - Common Stock,NASDAQ,140.57290263404934,2.904674467533717,8.77551883269799,-75.05197376384426,45.56962025316456,-77.16635735128925,64.1366427522381,87.85607193951944,0.354248315126523,100.0,113.3200568340685,20,,
16,AIFF,"Firefly Neuroscience, Inc.  - Common Stock",NASDAQ,137.17949893582778,0.8991211275398594,2.6465616214695333,-63.21839182832657,41.77215189873418,290.75231089742914,39.346178594837625,82.42424448221733,1.0704226100964283,100.0,398.93110070319347,50,,
17,PRSO,Peraso Inc. - Common Stock,NASDAQ,134.4827529508067,1.5145515456767027,6.489961826448329,-33.057853153075754,39.24050632911392,264.6593667371957,58.85489423427995,88.07947265595242,1.0410256014874557,100.0,396.73729800667303,50,,
18,RLYB,Rallybio Corporation - Common Stock,NASDAQ,132.12766574809564,2.6154944870107344,4.836710040139053,-31.050958932401123,50.63291139240506,226.0819563919767,70.3132075160995,87.96757911617341,-0.004217553086066979,99.45304997122895,324.514319707657,30,,
19,FSLY,"Fastly, Inc. - Class A Common Stock",NASDAQ,130.96328868015962,1.6589391491221603,4.459372841771409,-35.494327879099444,43.037974683544306,151.2491591269971,53.18683760868422,59.39999401092644,-0.036038284844941246,95.13462124263809,66.9959676004282,45,,
20,AAOI,"Applied Optoelectronics, Inc. - Common Stock",NASDAQ,99.49906519613046,3.3329137894191554,4.954002762493362,-25.275331449091333,56.9620253164557,37.815187112963876,78.50189985893255,79.21810489631247,-0.05840132379021632,93.23968377645123,191.3457471093573,50,,
21,IOVA,"Iovance Biotherapeutics, Inc. - Common Stock",NASDAQ,97.30770394646953,2.948037519679593,4.48967653904663,-22.64807954242239,50.63291139240506,31.010314880975564,64.29978244903306,94.75524956465682,0.3440430480317507,100.0,132.3111638810645,25,,
22,SEV,Aptera Motors Corp. - Class B Common Stock,NASDAQ,91.8128595449691,-1.3107983355468045,-1.3130222484284777,-83.33333380303108,43.037974683544306,9.380770315299891,12.170441155626856,83.54977988599877,0.37904556231131425,100.0,184.68088881004127,30,,
23,NKTR,Nektar Therapeutics - Common Stock,NASDAQ,90.72025230718697,0.9931711821077599,1.5617114187594379,-46.53676719952799,49.36708860759494,73.53412275151405,37.21963304400152,48.7747866233098,0.037179833565136065,95.72163060385014,54.58434732362125,45,,
24,KLTO,"Klotho Neurosciences, Inc. - Common Stock",NASDAQ,90.45643061165991,0.3195952368247293,0.4593987692951146,-60.58393900573793,44.303797468354425,212.19534510653676,34.535237348108204,64.58333169743187,-0.3172314802194285,71.05262720839352,204.270550240216,40,,
25,ACHC,"Acadia Healthcare Company, Inc. - Common Stock",NASDAQ,89.91846756058024,1.6460786632597653,2.137171024373179,-35.964909804054436,49.36708860759494,23.53802347055929,42.47832531460911,89.6861017230971,0.10150658528087672,100.0,80.5187474741089,10,,
26,BDSX,"Biodesix, Inc. - Common Stock",NASDAQ,89.12386817205706,2.709832702184054,4.375266310683553,-36.065573038219895,50.63291139240506,-85.82502817639698,61.16558429794827,87.90073186374113,0.23772793145638285,100.0,138.1743127873159,25,,
27,BANL,CBL International Limited - Class B Ordinary Shares,NASDAQ,85.87895550676488,1.2820075134806053,2.1577475806770394,-38.7840677408665,43.037974683544306,279.6505784946621,48.30515177758807,78.73069826987057,-0.033264807832239535,93.61392904296396,339.28114537428337,50,,
28,HURA,"TuHURA Biosciences, Inc. - Common Stock",NASDAQ,85.18518464010386,-0.016278377651410898,-0.023188479343096407,-82.2580647487174,37.9746835443038,119.66099713031491,23.922856676358336,56.488548854202925,-0.009502075986342966,89.28571707334658,19.24392039959898,55,,
29,LEE,"Lee Enterprises, Incorporated - Common Stock",NASDAQ,84.38095819382441,2.9728883681754863,4.613923979064671,-35.114499162622955,53.16455696202531,42.35718975705844,67.29125797929802,76.83397974841225,0.035744770604149795,100.0,160.17711360177114,30,,
30,MLEC,Moolec Science SA - Ordinary Shares,NASDAQ,81.90662693270964,1.0772845784157734,1.9725982289042332,-66.76513945104232,40.50632911392405,205.86754361122564,37.7386520065031,51.97585162417503,-0.12193009507166389,54.67836358414224,2.5622129909956426,30,,
31,STRO,"Sutro Biopharma, Inc. - Common Stock",NASDAQ,80.90130002594978,4.115435309666468,5.015684143875694,-21.505375903029577,58.22784810126582,22.845721844945377,78.32814094307119,84.71483900089144,0.36640705822215885,100.0,114.72142331616615,20,,
32,DAWN,"Day One Biopharmaceuticals, Inc. - Common Stock",NASDAQ,80.88737440203116,2.097034286449826,5.212905433264339,-23.552120282269197,39.24050632911392,73.33946842447983,57.96013282119855,82.00129808758261,1.2171739427318369,100.0,305.7395148719869,55,,
33,ATOM,Atomera Incorporated - Common Stock,NASDAQ,80.15873000855468,1.7699538542032331,3.557947486656202,-35.142857687813894,37.9746835443038,211.70169275582413,57.64576506535595,53.83189044415995,-0.17427437473693258,64.8571423121861,21.873674203198973,30,,
34,PMN,ProMIS Neurosciences Inc. - Common Shares,NASDAQ,79.3103392837007,3.0102875601522343,3.465483590275684,-35.619045439220606,54.43037974683544,-59.5370538759215,62.43369468258801,78.1617027727066,0.03193364804898609,94.39289533819083,139.12582781456956,45,,
35,SPOG,Leverage Shares 2X Long SPOT Daily ETF,NASDAQ,76.39235065979122,-0.7381386669563973,-0.7997123621488063,-60.45792429047141,45.94594594594595,205.9004045194588,,80.45423424835164,0.33574510035034344,100.0,51.1969904240766,10,,
36,RIME,"Algorhythm Holdings, Inc. - Common Stock",NASDAQ,73.95833275125672,0.9619862448520177,2.6882872356445624,-67.21991728953107,37.9746835443038,252.52199360483004,36.454861077994494,20.521174421851498,-0.08355753779185275,47.988504250907326,6.956195990626823,15,,
37,BBCQW,Bleichroeder Acquisition Corp. II - Warrants,NASDAQ,72.72726681606842,2.9990251958893985,13.720471037571752,-22.413792926264428,26.923076923076923,2.810112176881807,,83.33333002196431,1.2345679666443314,100.0,355.93823382907567,55,,
38,FBLG,"FibroBiologics, Inc. - Common Stock",NASDAQ,72.61904578878409,1.1290920428748459,1.2318017252685418,-43.250001322478035,50.63291139240506,-43.31869730318492,31.70534690927009,81.72413821452861,0.04918038145437782,100.0,202.91511524931133,30,,
39,PVLA,"Palvella Therapeutics, Inc. - Common Stock",NASDAQ,72.56035455721639,1.9738778060050617,2.868667512181283,-29.925735290157267,49.36708860759494,35.434197582054836,49.95260027240135,78.53979236416339,0.02114111612136534,90.59593009799816,67.85928682915116,30,,
40,IMUX,"Immunic, Inc.  - Common Stock",NASDAQ,72.26891345572378,2.0988049502822337,2.6557573599637805,-34.61538343975055,51.89873417721519,143.70360954720397,56.191786496952645,71.50610830350135,0.16300657490069925,100.0,64.70712732536813,10,,
41,CCCC,"C4 Therapeutics, Inc. - Common Stock",NASDAQ,70.7865174559237,1.341180759403934,1.727161384012536,-39.14590487658487,48.10126582278481,37.18904641688481,39.077917543704636,78.894476816994,-0.06117811112819169,95.89905011633623,151.57161549283305,40,,
42,GANX,"Gain Therapeutics, Inc. - Common Stock",NASDAQ,70.39106241985007,1.192543004511217,1.2402876241620544,-61.24401743307596,49.36708860759494,-45.40795616969623,29.570325568679337,78.70370278387898,0.1688901116222879,100.0,101.99660302626665,20,,
43,MGRT,Mega Fortune Company Limited - Ordinary Shares,NASDAQ,69.46106553398334,1.4580486418807828,3.4710593038234068,-63.1417634292871,37.9746835443038,7.804303809389279,33.4317151875665,61.233481240394326,0.43507240014122556,68.80064559267998,37.696554615975955,20,,
44,STRZ,Starz Entertainment Corp. - Common Shares,NASDAQ,69.24779043470986,2.038484528667675,2.5938267931433523,-31.020736484499405,54.43037974683544,25.836425229875793,47.30275208704143,95.14562644489575,0.5320693057901119,100.0,168.23321282978233,30,,
45,ACLX,"Arcellx, Inc. - Common Stock",NASDAQ,66.17732087169377,1.111533769227059,3.028623344562781,-31.558551762834426,44.303797468354425,132.11902862530172,44.05358851795685,89.33906767071709,0.0036072835411980063,99.97376811897799,31.032601236564002,10,,
46,HIT,"Health In Tech, Inc. - Class A Common Stock",NASDAQ,64.60177187202999,-0.636734416780865,-0.6494174321701537,-65.75342555233091,44.303797468354425,-64.55548211598949,12.911991194749115,91.57666752662126,0.4508856327694073,100.0,200.0224895985607,30,,
47,GGR,Gogoro Inc. - Ordinary Shares,NASDAQ,64.08450662841447,0.8489433589997217,1.1558197482210948,-32.84313576535872,43.037974683544306,9.164381584644254,31.740314555423883,81.78294408880852,0.7603585154145666,100.0,183.60655737704917,30,,
48,AGCC,Agencia Comercial Spirits Ltd - Class A Ordinary Share,NASDAQ,64.0398611678243,3.2509600137948063,4.1212245297955175,-35.37414598209716,53.16455696202531,-35.031357008195144,72.10926172415121,71.15507669379434,0.24791272044706844,100.0,95.53476252516879,10,,
49,XCH,XCHG Limited - ADS,NASDAQ,62.14688793707042,0.45013012640337025,0.4709278809133929,-42.31292697401254,51.89873417721519,66.50586660857117,31.144296250226805,73.62637780107526,0.4748563375884478,100.0,175.10280373831776,30,,
50,BMM,Blue Moon Metals Inc. - Common Shares,NASDAQ,62.021849433720064,2.5064964684580997,2.622548042968949,-29.585802517380337,60.71428571428571,-7.81761600309987,,75.74257355626335,-0.06868816694235848,95.49113996637108,164.79372214391833,40,,
51,PRAA,"PRA Group, Inc. - Common Stock",NASDAQ,61.62066214043589,1.038051876260419,1.1755322347122212,-42.33536108316294,51.89873417721519,51.34478422706468,36.75879662147649,83.71877147365764,0.14283801132976665,96.23541373889672,115.65392619999339,30,,
52,FIGG,Leverage Shares 2x Long FIG Daily ETF,NASDAQ,61.59568286652968,-1.7271159805258063,-1.8195624189491704,-79.73799151188199,40.50632911392405,186.14664557337747,22.30281561820221,65.64722933342333,-0.019122540850322632,85.97122767988274,90.42511064523643,45,,
53,PSNYW,Polestar Automotive Holding UK Limited - Class C-1 ADS (ADW),NASDAQ,61.40351082662987,-0.37555395545935866,-0.4520620267545021,-64.86486660641765,36.708860759493675,-78.38647301975708,13.136451604475537,74.53987411499907,0.9350178166828806,100.0,185.14285714285714,40,,
54,MSW,Ming Shing Group Holdings Limited - Ordinary Shares,NASDAQ,60.93534527568829,-0.3947112117133134,-0.4059160136369091,-65.70754540862023,43.037974683544306,-2.8426491310474367,17.00664773956028,58.620675480474766,-0.12365008212504183,93.59999656677246,100.01547029702971,65,,
55,DWSN,Dawson Geophysical Company - Common Stock,NASDAQ,60.792957094108125,2.694723724516948,3.1242099276150497,-26.066349746965557,53.16455696202531,68.41816328131128,58.51960001575596,74.45887754181562,-0.004391096112800745,99.18478340093601,135.43189755529684,25,,
56,ALTO,"Alto Ingredients, Inc. - Common Stock",NASDAQ,58.48375078389792,3.0759624923934905,6.477925784439857,-25.974025069249763,49.36708860759494,41.29960870284073,72.75278790229152,83.0115802393152,1.2086304235602323,100.0,326.52889642963163,55,,
57,CNVS,Cineverse Corp. - Class A Common Stock,NASDAQ,57.59162529136841,0.9299148014429571,1.1515416601864465,-32.4723240902,48.10126582278481,130.0963056011853,40.86139145326985,67.3469437404967,0.0190694199424553,95.85986910516728,35.07750310292374,35,,
58,LPBBW,Launch Two Acquisition Corp. - Warrant,NASDAQ,57.035654780248876,1.7369380236719434,561.7560326889379,0.0,1.2658227848101267,,,100.0,1.0,100.0,,20,,
59,MGN,Megan Holdings Limited - Class A Ordinary Shares,NASDAQ,56.84210823513467,2.0496949183832287,3.0648757786732768,-44.34389150034544,40.50632911392405,204.75447547938774,60.457583374323384,66.07774182028308,0.39245661706518814,99.66555215948624,236.46450399623885,45,,
60,MNYWW,MoneyHero Limited - Warrants,NASDAQ,56.00000089406967,1.387654442523768,1.855219240706696,-50.0,39.24050632911392,-43.96591000455605,31.382987769513306,76.59574586134137,0.0,100.0,22.115936483642624,10,,
61,ANNA,"AleAnna, Inc. - Class A Common Stock",NASDAQ,55.51330701965911,1.167972093353929,1.7185531618870638,-33.043480844864206,43.037974683544306,257.31627216775735,47.15701408947079,67.91569140263812,0.2349777978457936,100.0,332.53904494764504,45,,
62,EJH,E-Home Household Service Holdings Limited - Ordinary shares,NASDAQ,55.23155484184474,0.9890386202877064,1.0665086288314243,-48.52941313966888,50.63291139240506,140.7700676410766,40.729712299643914,87.35632026411298,0.8322009338417956,100.0,233.50962256292584,40,,
63,RSVRW,"Reservoir Media, Inc.. - Warrant",NASDAQ,54.54545700845641,1.1112720863863894,1.5722190766860022,-74.61538382183163,34.177215189873415,101.27041742286752,29.780195645532714,55.124653996881655,0.15000006705521965,77.98165407267884,39.43492636008416,30,,
64,CBUS,"Cibus, Inc. - Class A Common Stock",NASDAQ,54.14634923577539,2.7618385838878763,3.794452024943485,-39.11290407863044,53.16455696202531,71.48405240720489,67.18343023871093,64.62585232613,-0.28551454411535265,84.71850052739724,61.76753872185344,35,,
65,LRMR,"Larimar Therapeutics, Inc. - Common Stock",NASDAQ,53.98228993090854,1.4007854122106478,2.9234440171158176,-30.617288631048854,46.835443037974684,183.3372210211933,51.601407054218285,70.33398460481162,-0.0034831039017848915,87.73109172311644,27.51292405962793,30,,
66,ARTV,"Artiva Biotherapeutics, Inc. - Common Stock",NASDAQ,53.47592931768874,1.441923019405667,2.3780943388194684,-40.63492228084375,53.16455696202531,-82.90001649817839,39.340153652803814,85.3658484580521,-0.012253426499031023,98.6254227116221,111.31567766605298,20,,
67,STTK,"Shattuck Labs, Inc. - Common Stock",NASDAQ,50.88160523805014,4.870865022670016,7.4991000754432395,-25.625004346171842,58.22784810126582,7.531375014287356,76.89432657783892,85.85858342599147,0.8448535820032194,100.0,238.75713228853988,40,,
68,PRLD,Prelude Therapeutics Incorporated - Common Stock,NASDAQ,49.88399359422928,2.9043546597533942,3.3678322855575598,-38.4353772941503,54.43037974683544,-29.76492227630605,65.15035654496498,69.37984553432747,0.3928148866227129,98.1762935113912,64.4747137633138,25,,
69,PMVP,"PMV Pharmaceuticals, Inc. - Common Stock",NASDAQ,49.09090455898579,1.2204837941015327,1.8664507462884572,-28.16901325682895,41.77215189873418,135.29043254911892,43.75183084083718,70.22900374353517,-0.15407403423953145,91.11111273000274,230.56401153760814,50,,
70,EDRY,EuroDry Ltd. - Common Shares,NASDAQ,47.44526309612389,2.59082048902042,3.75339168052213,-13.129247459479707,45.56962025316456,206.24841892233746,62.39480929023994,77.47521532419762,-0.20610250844728997,88.28671985957645,172.01387741615727,50,,
71,ESOA,Energy Services of America Corporation - Common Stock,NASDAQ,47.36842105263157,1.3258983463103449,2.3644949265244017,-27.314389916560966,48.10126582278481,88.39523521626171,43.36738285280339,48.462664203403264,-0.1722947197269053,89.34269260904234,51.4571190674438,55,,
72,ALLR,"Allarity Therapeutics, Inc. - Common stock",NASDAQ,46.91943556377591,0.42512134665758355,0.521105821055298,-39.09774614678392,44.303797468354425,0.08653100196933661,26.1316429011185,74.65668165935784,0.5002886714252496,100.0,129.7916107682676,25,,
73,LASE,Laser Photonics Corporation - Common Stock,NASDAQ,46.05263529391834,-1.6240398861722232,-1.3663799348356018,-82.21893518880353,50.63291139240506,172.51643326961354,23.477568274657827,76.25571211226358,0.19886261626031576,100.0,48.84537112635722,10,,
74,ALOY,REalloys Inc. - Common Stock,NASDAQ,45.954965254915805,2.600907355530446,3.04731645967303,-32.38021419054163,56.9620253164557,170.6997838454296,74.96051441293939,61.22812397711973,-0.03982963625055876,67.61978580945836,280.8222130778124,40,,
75,GFAI,"Guardforce AI Co., Limited - Ordinary Shares",NASDAQ,45.91345692317965,-0.4422672832108561,-0.6077032751377643,-57.43982392500509,35.44303797468354,230.2844612492993,28.39445908424322,67.59868195316565,0.28903559514325844,89.79289854742774,8.124410337133245,45,,
76,LCFY,Locafy Limited - Ordinary Share,NASDAQ,45.74131780338424,0.91703742401905,1.3026380483150484,-41.75824210373419,49.36708860759494,-93.96337511397216,29.313692005257586,76.35660494301192,-0.032127631950990984,96.45093783616274,44.198573300334836,20,,
77,CETY,"Clean Energy Technologies, Inc. - Common Stock",NASDAQ,45.454540080723405,0.3412451117376564,0.6609457892142957,-80.0,37.9746835443038,-66.47839418654038,15.977718657221114,62.41610721475203,0.03894814948718973,83.01887195617057,9.574862223868847,35,,
78,SLS,"SELLAS Life Sciences Group, Inc.  - Common Stock",NASDAQ,45.144364642011055,4.37633106858152,5.012578684842331,-30.79999923706055,62.0253164556962,-19.49525524869272,75.38534807158511,84.15494728386992,0.19696367689325242,99.81949905932251,118.12556368574785,20,,
79,XTIA,"XTI Aerospace, Inc. Common Stock  - Common Stock",NASDAQ,45.054946638452066,1.9869765558457253,2.693940416029615,-24.390242661414284,46.835443037974684,16.45103894104971,48.12031671894059,80.9859178577521,0.5187703464247008,100.0,194.50328212763077,30,,
80,OLB,"The OLB Group, Inc. - Common Stock",NASDAQ,44.918793856434405,0.7356793635248848,2.520962824719139,-70.16666713722965,30.37974683544304,294.44074971380377,33.153111996965436,54.89417321379933,-0.022313081915207346,42.202701701309856,2.6370548070225106,30,,
81,CVKD,"Cadrenal Therapeutics, Inc. - Common Stock",NASDAQ,44.75524539649969,-0.3688996162643263,-0.38529827850911724,-60.24291744331275,45.56962025316456,-1.3300649144309729,18.44813287370092,71.80301709523684,-0.07973045787655658,95.9443757030309,93.41185130658815,20,,
82,IMMX,"Immix Biopharma, Inc. - Common Stock",NASDAQ,44.70404753041435,3.9788310283687864,5.790673939455555,-39.83739853157418,51.89873417721519,-23.19163714929331,70.01783274609643,71.87499334769805,0.2940332879535588,100.0,75.6746674127812,10,,
83,IRD,"Opus Genetics, Inc. - Common Stock",NASDAQ,44.67454736445904,3.8276498678937116,4.6230360512745685,-22.800002098083496,59.49367088607595,58.37354242058706,72.78464744091329,73.23419787697547,0.20706598733277234,100.0,106.19782079763038,20,,
84,EMAT,Evolution Metals & Technologies Corp. - Common Stock,NASDAQ,44.48556718773096,-0.8339204890776928,-0.8927125756716567,-69.05263097662674,42.5,9.9785767606426,,49.49821006608382,-0.0664843947769433,74.39024629584388,120.06938223128681,45,,
85,TECX,"Tectonic Therapeutic, Inc. - Common Stock",NASDAQ,44.462340080953624,2.678443247097915,3.436395582987182,-16.37126931646374,55.69620253164557,55.95668810551169,61.938914857585125,86.86922575626157,1.1857918215141328,100.0,87.12894442309941,30,,
86,KZIA,Kazia Therapeutics Limited - American Depositary Shares,NASDAQ,44.23077452112252,1.035986554667223,1.273149134265534,-68.19338476420373,48.10126582278481,-67.92061773669106,25.566598503330752,69.51806597655134,-0.1546004250602364,82.41758053307821,95.25065963060686,35,,
87,NBTX,Nanobiotix S.A. - ADSs,NASDAQ,44.20874891199396,2.103206133003963,2.646707657242557,-14.070570094529481,51.89873417721519,17.38787320794424,50.0565309939253,71.26352374874085,0.10078606604392089,94.60061616968724,155.15966386554624,50,,
88,CNTX,Context Therapeutics Inc. - Common Stock,NASDAQ,43.778791514496284,4.001702385675696,5.212129803425147,-16.858231283021773,54.43037974683544,-12.79662792222921,70.01099638342349,78.08219334671634,0.9837804258636522,100.0,100.2236091778546,30,,
89,EWCZ,"European Wax Center, Inc. - Class A Common Stock",NASDAQ,43.4999942779541,1.8825346811801908,3.8775146369430997,-18.289785604501525,50.63291139240506,121.15368877427616,54.650010835969894,58.8234469140235,0.008240292700673876,99.48006568617818,35.09432100389783,35,,
90,NFXL,Direxion Daily NFLX Bull 2X ETF,NASDAQ,43.08978566924644,-0.9802087023704678,-1.088921684920808,-59.47553041875593,49.36708860759494,32.26699165922027,17.49869152891229,87.88248959625497,0.0998727382134818,99.75452031089256,96.8231365108038,10,,
91,LXRX,"Lexicon Pharmaceuticals, Inc. - Common Stock",NASDAQ,42.49999751647324,1.0520844035319428,1.1988060720069458,-34.09091063028525,45.56962025316456,-2.7081271071666024,33.578981348055855,82.25807816131558,0.24639439049013592,100.0,151.22725678483005,30,,
92,SQFTP,"Presidio Property Trust, Inc. - 9.375% Series D Cumulative Redeemable Perpetual Preferred Stock, $0.01 par value per share",NASDAQ,42.41707411575233,-0.9885940785930969,-0.851756832086153,-75.47988230069903,46.835443037974684,55.900489049542834,16.357419671773272,47.88404764739475,0.052294179340623984,83.47222761239549,26.62302236770322,45,,
93,AVIR,"Atea Pharmaceuticals, Inc. - common stock",NASDAQ,42.27053276418478,3.3265213712845427,3.9158461486684835,-15.428570338657924,56.9620253164557,12.985104187297392,59.774471560178476,88.72550715396332,0.4995398374290296,100.0,164.52071224282682,30,,
94,ELWT,"Elauwit Connection, Inc. - Common Stock",NASDAQ,42.14711326304015,0.4056487239107039,0.49619750151037173,-46.16385129154351,43.037974683544306,11.719414755629343,25.32558293504558,68.45930174130115,0.009357033466982505,93.58639031830816,126.79447168970128,60,,
95,LUCYW,"Innovative Eyewear, Inc. - Warrants",NASDAQ,41.818185512684614,1.5861072833534307,2.1810641927252554,-59.999998246922225,36.708860759493675,-79.7364834166288,32.27767071889509,58.904111546408686,-0.030269732564824493,98.73417470818482,26.905829596412556,35,,
96,VVPR,VivoPower International PLC - Ordinary Shares,NASDAQ,40.84507467916541,-0.4599851512431867,-0.560170251125029,-66.29526275554372,43.037974683544306,93.68330403443312,22.316778139061967,47.51131490203317,-0.38297868894356285,70.67137999710191,26.3582989360473,30,,
97,TPL,Texas Pacific Land Corporation,S&P500,40.35180577423538,3.1382967724754147,4.061537706455451,-19.599864519134517,53.16455696202531,48.400477329456336,57.93064472197878,74.69504534178303,-0.026168802193605803,97.93326810590524,74.04400559024096,20,,
98,RVSN,Rail Vision Ltd. - Ordinary Shares,NASDAQ,39.83050621435995,-1.3612631235245791,-1.1787933532663177,-98.85612880238789,41.77215189873418,193.1278272060367,22.942100012109037,74.65069772891302,-0.06810144364870795,96.0419074907064,12.54875523667357,20,,
99,ESLT,Elbit Systems Ltd. - Ordinary Shares,NASDAQ,39.55367660820646,5.449186888530404,6.718392711573437,-9.741093319170917,63.29113924050633,44.53769113008834,66.03033876311551,93.95457949621152,0.31577299622057625,100.0,166.69899443622072,30,,
100,SABR,Sabre Corporation - Common Stock,NASDAQ,39.473688888637916,0.04309041251571596,0.06362530242292871,-56.4893606025852,35.44303797468354,111.12883321611973,26.214482590803964,64.73029321585858,-0.036346861040129234,79.8994987818488,133.22829211338737,35,,
101,NOWL,GraniteShares 2x Long NOW Daily ETF,NASDAQ,39.35484853421023,-2.234432449949669,-1.7887801011026785,-70.02141346821082,51.89873417721519,162.25399337997862,24.362309754715405,74.70997572002958,0.6079436843494942,100.0,87.93822941816246,10,,
102,KPTI,Karyopharm Therapeutics Inc. - Common Stock,NASDAQ,38.985745440443,2.2214638315383852,2.72356570457313,-31.451617510690383,54.43037974683544,93.70765516704307,54.893218319644525,52.602748673999955,-0.21325325299517814,86.91774355934312,95.45710380316797,55,,
103,MB,MasterBeef Group - Ordinary Shares,NASDAQ,38.82353165570427,-0.2775774239328133,-0.3397356277465,-47.69425285611302,36.708860759493675,184.3384011056958,29.95543571164627,59.45775656630738,0.19422445238793784,92.91338872404008,56.87679083094556,55,,
104,COCH,"Envoy Medical, Inc. - Class A Common Stock",NASDAQ,38.51064351901259,0.44003128644957845,0.8066954938403728,-54.00943510610997,35.44303797468354,172.7538521255004,32.70285487451285,55.889145814445904,-0.18107261945234798,85.99735771123842,11.38371174253259,55,,
105,SLN,Silence Therapeutics Plc - American Depository Share,NASDAQ,38.13746569627314,0.21083704449797994,0.24548191520841114,-39.69144289316694,45.56962025316456,-25.24429673247476,23.205567413150934,77.21712081139871,0.13417472440889922,100.0,170.37233914030975,30,,
106,ANIK,Anika Therapeutics Inc. - Common Stock,NASDAQ,38.025420502339344,2.419443288475254,4.52093608420677,-9.871668200422235,50.63291139240506,-8.213614315222683,48.804098520184176,90.47620551986131,-0.03991509723765981,98.05555735841213,112.72715012980008,20,,
107,ATEX,Anterix Inc. - Common Stock,NASDAQ,37.97908509207044,4.469724693148205,5.5167525809484745,-12.351121427602068,63.29113924050633,52.680583627384436,70.0204867500267,76.56787715151786,0.1633908322132182,100.0,67.05504415911034,10,,
108,RCKT,"Rocket Pharmaceuticals, Inc. - Common Stock",NASDAQ,37.81249317806223,1.909727778660286,2.3309795864587888,-24.24242497220256,48.10126582278481,25.601971257382306,45.31186557270953,73.94957107706868,-0.28484511540870633,88.02394502876822,133.17727602779988,45,,
109,DLLL,GraniteShares 2x Long DELL Daily ETF,NASDAQ,37.65413944721252,0.33606183180718774,0.39282557533762175,-42.597995362430524,49.36708860759494,13.577258799598324,26.713690277985997,71.33078763182294,-0.25055044210797467,90.49081612839029,118.70324189526184,40,,
110,CURR,Currenc Group Inc. - Ordinary Shares,NASDAQ,37.34939862861917,-0.8590287044503705,-0.8923917734328807,-59.29203679860544,45.56962025316456,-16.527875061613095,14.59181754429563,66.31578154841527,0.0,99.13043559386286,66.46444554947787,25,,
111,CDTG,CDT Environmental Technology Investment Holdings Limited - ordinary shares,NASDAQ,36.66666004392862,-0.23056401286972458,-0.320820164652948,-64.07766774922725,35.44303797468354,271.9680590814678,28.887874045847525,66.74938106556851,2.4021644681756364,92.13483213791417,362.0075128854722,90,,
112,PRTS,"CarParts.com, Inc. - Common Stock",NASDAQ,36.36363340803421,1.0143474572193603,1.2069032692125459,-38.09523989734377,40.50632911392405,-4.217376934442807,31.53313281947205,58.62069107264305,0.11267612018748085,91.46341543194796,170.9509963616435,75,,
113,APRE,"Aprea Therapeutics, Inc. - Common Stock",NASDAQ,36.363627332629946,-0.5149889775857812,-0.6466829971323544,-55.30303406594965,39.24050632911392,-75.22125234317308,13.966540897667945,72.76994911031906,0.05569002562709279,97.61388123664511,29.206504462648248,20,,
114,NDLS,Noodles & Company - Class A Common Stock,NASDAQ,36.1363554838277,0.6353141344569059,0.7569784453637434,-50.25510179256708,45.56962025316456,14.21418057770001,27.950243018884834,76.60668405672034,-0.13700617336638982,90.34690298226755,95.94870533594917,30,,
115,ALLO,"Allogene Therapeutics, Inc. - Common Stock",NASDAQ,36.09466712676279,2.6659538680005643,3.650736770715484,-17.266187914150443,45.56962025316456,16.766560399982943,58.111144689435335,63.15789407640286,-0.36591422345783,82.73381208584955,71.05515822474773,35,,
116,PUBM,"PubMatic, Inc. - Class A Common Stock",NASDAQ,35.61643249027511,0.8605183869013484,1.5482358684634012,-42.75296210626922,45.56962025316456,18.488669748978026,31.977951608729416,84.34782632732814,0.23933078744345387,100.0,133.16528666315685,25,,
117,LINC,Lincoln Educational Services Corporation - Common Stock,NASDAQ,35.39856850130745,4.174327831432238,4.780604181346471,-7.8996316300084075,63.29113924050633,88.01433407458819,66.724542521068,74.82117244080705,-0.07233597039938808,96.81253298059234,88.93174627090553,20,,
118,TONX,TON Strategy Company - Common Stock,NASDAQ,35.148517071832686,-0.012543039321270256,-0.014917797524043139,-50.0,43.037974683544306,-32.7622623256671,19.5634652014109,71.14094330230212,0.5430303486285225,100.0,125.64710396141356,25,,
119,BBLGW,Bone Biologics Corp - warrants,NASDAQ,35.00000000000001,1.7373746285735243,3.203015067130953,-48.181819915771484,21.518987341772153,219.85815602836877,51.35119923416363,40.04975048841414,-0.4161223122770411,75.10430994992932,244.78935698447893,50,,
120,WHWK,"Whitehawk Therapeutics, Inc. - Common Stock",NASDAQ,34.89208771917036,2.8100144022653897,3.3484558345965834,-11.196910095112447,54.43037974683544,-5.7110467313263635,56.75914090118856,75.86207510789127,0.4388327569248506,100.0,176.58081293861994,30,,
121,CCSI,"Consensus Cloud Solutions, Inc. - Common Stock",NASDAQ,34.70017119042437,1.5890692111178504,1.9255794108571114,-17.69011937566794,49.36708860759494,27.687832466072514,42.14072897347086,54.84535145929799,0.08895596559875124,96.86112349483346,54.37746192524824,45,,
122,BCRX,"BioCryst Pharmaceuticals, Inc. - Common Stock",NASDAQ,34.60316326192332,1.2549360972669679,1.485483782903198,-21.212124861012807,50.63291139240506,10.89826905134359,37.88897960285275,83.59374359715596,-0.052806042923561364,96.91428048270089,114.18101224628181,30,,
123,TCRT,"Alaunos Therapeutics, Inc. - Common Stock",NASDAQ,34.200736739983185,1.654623101794009,1.6918018280801632,-46.33027884145635,55.69620253164557,-62.459708965733064,38.34251171276941,100.0,0.23441729742626133,100.0,154.18472824274758,30,,
124,PRPO,"Precipio, Inc. - Common Stock",NASDAQ,34.01010817749748,1.5362146106821526,1.8610545094651059,-24.571431477864582,46.835443037974684,46.51582850080806,42.60247690776573,65.92060376833655,0.23276771867065563,98.89675912106132,80.04152608357124,25,,
125,ASTH,Astrana Health Inc. - Common Stock,NASDAQ,33.99677053765069,0.7471904811870831,0.7885858207158757,-37.82950901540584,54.43037974683544,7.886290992045075,32.208998050302334,72.61992119202101,-0.2966816830758592,94.64285766048324,156.30144843241322,50,,
126,CRE,Cre8 Enterprise Limited - Class A Ordinary Shares,NASDAQ,33.865251937062844,0.4463013144381244,0.7736619077697412,-63.06818270448928,45.56962025316456,266.8808585816939,35.26978442781003,78.59281791902563,2.227787916372199,100.0,381.1774248899277,55,,
127,VRTL,GraniteShares 2x Long VRT Daily ETF,NASDAQ,33.748977450672044,1.337666601640475,1.7234834085715707,-39.87692779458795,50.63291139240506,19.18552487289402,39.6490565344441,53.42732750235665,-0.28344530825553765,84.40574951532037,100.25511270963155,55,,
128,RCKY,"Rocky Brands, Inc. - Common Stock",NASDAQ,33.49729370562735,1.9573060400246038,4.856203453430218,-8.226628970853954,45.56962025316456,19.43850918237633,48.09875580520775,74.0198018724127,-0.1077696116087701,91.98033709216244,80.18115942028986,30,,
129,ABOS,"Acumen Pharmaceuticals, Inc. - Common Stock",NASDAQ,33.46773860171734,2.2882435033233524,3.0865499431976304,-24.561401307307644,53.16455696202531,-36.203923205757086,50.2118637469601,81.24999883584675,0.007992002143381277,99.1017972406975,107.14986834520045,20,,
130,GLE,Global Engine Group Holding Limited - Class A Ordinary Shares,NASDAQ,33.33333333333333,-0.5329747215184475,-0.618284029024872,-53.57143047208688,43.037974683544306,-0.6591343598804533,17.790526056614876,39.726022736860436,-0.3670853829960239,86.16779653056376,52.7137815079343,45,,
131,BUUU,BUUU Group Limited - Class A Ordinary Share,NASDAQ,33.123023582730696,1.7213242745666701,1.865742817559334,-31.48345619311732,51.89873417721519,-20.15310367781661,43.98090502057377,45.12379935348691,-0.4890660496365038,76.63437951941742,37.182159233013756,30,,
132,CGEM,"Cullinan Therapeutics, Inc. - Common Stock",NASDAQ,33.051562744112005,2.884053164110734,4.534660729333705,-25.831400415751837,55.69620253164557,-15.839506047051877,60.969147629453005,81.77641955835962,-0.054476706950914104,96.56442029353511,100.73727920969479,30,,
133,IBG,Innovation Beverage Group Limited - Ordinary Shares,NASDAQ,32.93270222710471,-0.5358430927721932,-0.6424658380160431,-75.77617381467925,36.708860759493675,224.59745182762242,25.770731095237622,64.38095325461312,2.8529849297028425,100.0,350.68452206215943,70,,
134,COKE,"Coca-Cola Consolidated, Inc. - Common Stock",NASDAQ,32.643263188519576,3.833570168252123,4.334496836939252,-13.386483362024698,60.75949367088608,1.5056182522894757,54.67816030525121,88.94387347576543,-0.03260445290063384,98.57245882481939,92.15113757913909,10,,
135,HNST,"The Honest Company, Inc. - Common Stock",NASDAQ,32.57918625259077,0.7925346928456711,1.1303463572276946,-27.586212566434515,44.303797468354425,-12.477543798388002,30.64198240047115,81.7460421081433,0.40815098435022146,100.0,119.5595370518137,20,,
136,AXON,"Axon Enterprise, Inc. - Common Stock",NASDAQ,32.330503332154905,0.07000374747417114,0.08258399847234843,-37.701674515960235,48.10126582278481,31.73425389006328,26.499122505179297,83.18465814013697,0.009016663852545119,99.12275866372127,73.45547908904967,10,,
137,RSVR,"Reservoir Media, Inc.. - Common Stock",NASDAQ,31.75230301662635,2.5554612670966916,4.830869259691218,-5.249345162399349,58.22784810126582,46.20598046762969,54.559525017278546,88.52460426017434,0.29943877912864014,100.0,166.7891802601693,30,,
138,TTAN,"ServiceTitan, Inc. - Class A Common Stock",NASDAQ,31.70847499389606,-0.5249165978418955,-0.49484972271381944,-44.93699299902231,51.89873417721519,27.214250512060122,22.36474900477701,79.26439871349814,0.3674394944405859,100.0,77.82206656455365,10,,
139,GXAI,Gaxos.ai Inc. - Common Stock,NASDAQ,31.707315418471115,0.9152665500002256,1.6352632481299332,-48.500001430511475,34.177215189873415,111.91159472991133,34.10188971101413,63.38028444906805,3.591332481831356,89.50276552388203,277.63419429440097,90,,
140,ISSC,"Innovative Solutions and Support, Inc. - Common Stock",NASDAQ,31.67421487045372,4.182185117545286,6.234302346516764,-19.147976217500016,60.75949367088608,3.1872597047115425,77.44001230685004,73.14410419730478,-0.1495928470168288,89.9381860551728,143.60818724461936,45,,
141,ZD,"Ziff Davis, Inc. - Common Stock",NASDAQ,31.67392812227161,1.2333412051012762,2.4594764910095828,-33.791209733460896,45.56962025316456,89.99564906174122,41.95019183815389,72.10171831130182,1.9432332599645536,96.95303142139373,224.31912536012408,65,,
142,TNGX,"Tango Therapeutics, Inc. - Common Stock",NASDAQ,31.49728713327653,2.7502664651988233,4.7969423888450535,-22.456460527323337,49.36708860759494,20.460078628391475,61.79492308633101,72.52503474705566,1.3244768355961904,100.0,171.21030076512142,55,,
143,TEAD,Teads Holding Co. - Common Stock,NASDAQ,31.49606158783773,-0.016859953826657434,-0.020122556588098067,-39.95901447873754,43.037974683544306,-57.70207109939316,19.757343415450062,58.41034560109012,0.0,92.77777785136377,61.583899993131396,55,,
144,IPSC,"Century Therapeutics, Inc. - Common Stock",NASDAQ,31.28204513740429,4.060717643576055,6.180504605442792,-36.98113596282326,54.43037974683544,-39.75702526432805,71.8780124381545,85.21738589598732,0.26239966948215016,100.0,118.71378581360128,20,,
145,VIR,"Vir Biotechnology, Inc. - Common Stock",NASDAQ,31.18131752068003,2.5022323058508777,3.658131755037792,-15.044247040743763,50.63291139240506,116.79852411549886,61.81889351179218,66.04938339740096,0.06849980837861573,95.50000190734863,81.03314727357453,35,,
146,LUNG,Pulmonx Corporation - Common Stock,NASDAQ,31.168833179444967,0.5539195230113627,0.6734317627095203,-45.384615031925165,45.56962025316456,-9.509956870437975,26.200802871121933,73.91304437965448,0.9363178385820253,100.0,240.61663113653435,40,,
147,YJ,Yunji Inc. - American Depository Shares,NASDAQ,31.1111073827548,0.4091881415199387,0.49579491785394275,-35.63218398679435,41.77215189873418,-93.07788509349525,22.96645370749495,69.48052224511368,0.8680090507149851,100.0,92.99085764040052,35,,
148,RBKB,"Rhinebeck Bancorp, Inc. - Common Stock",NASDAQ,31.028811326166196,3.1542616688198164,6.7199365990909925,-6.954435408806097,53.16455696202531,78.51051733939738,62.22035309312441,57.23472442029015,0.02031352549305473,96.83698028667078,24.45859872611465,45,,
149,JLHL,Julong Holding Limited - Class A Ordinary Shares,NASDAQ,30.821914825563603,1.5102199338963718,1.6770450796690184,-31.460672291130848,51.89873417721519,-65.23176880174191,38.895530866544206,52.955085051942,0.08244732050078495,88.56259976638663,78.821165438714,55,,
150,PBRG,Leverage Shares 2X Long PBR Daily ETF,NASDAQ,30.523846843542792,6.684941010880612,10.107700634778876,-10.20722824402273,59.61538461538461,22.768361581920903,,78.1260509526824,0.07280653797823584,100.0,148.78048780487805,25,,
151,ELDN,"Eledon Pharmaceuticals, Inc. - Common Stock",NASDAQ,30.51642356927593,1.200758814848773,1.2925826122538004,-38.222222858005104,49.36708860759494,-28.493632630343413,33.67409764185105,80.15873000855468,0.16745239326623362,100.0,137.00748502134064,25,,
152,EOLS,"Evolus, Inc. - Common Stock",NASDAQ,30.42454029071773,-0.6559363196790158,-0.8959633562047999,-43.96200571816401,46.835443037974684,10.438912922990195,19.64857067021,73.92997762203561,1.2628148615622359,97.70318655285479,266.45610381068525,65,,
153,FBYD,"Falcon's Beyond Global, Inc. - Class A Common Stock",NASDAQ,30.37036736152141,-0.5500491387407334,-0.6026136226061577,-81.22596098738308,43.037974683544306,-20.132532055345653,13.211835896258538,69.23682269333683,0.07906969626443304,86.06356600498616,107.70858908690684,55,,
154,ROMA,Roma Green Finance Limited - Class A Ordinary Shares,NASDAQ,30.275221431248568,0.9517097829781761,1.2511732072483224,-54.38596505904499,46.835443037974684,-74.63527715285731,24.767029118827914,70.94972111685388,1.195801884436156,100.0,186.81635002878528,50,,
155,RAIN,"Rain Enhancement Technologies Holdco, Inc. - Class A Common Stock",NASDAQ,30.232550144969572,-0.8906622198092896,-0.8906795431127216,-73.55473474657776,45.56962025316456,-46.85690496915566,10.791529035353292,51.19047483889719,0.3212988165075554,98.59155059641165,38.114228742344395,35,,
156,QVCGP,"QVC Group, Inc. - 8.0% Fixed Rate Cumulative Redeemable Preferred Stock",NASDAQ,30.136982901142506,0.7451066709053135,1.8044880104192331,-51.02040717026832,41.77215189873418,246.3337107621789,37.88379617662151,37.81163160482268,-0.14368774537551068,80.50847327493452,5.0324374785818105,35,,
157,MASI,Masimo Corporation - Common Stock,NASDAQ,30.133526852808036,1.123321985687632,2.7893730949576407,-16.420647085604184,48.10126582278481,108.3382079790713,43.54841555938842,98.21087030353455,0.0004375510919798404,99.89180431595815,65.60866970845815,10,,
158,NVCR,NovoCure Limited - Ordinary Shares,NASDAQ,30.009973170659123,0.8854123781524638,1.1053927647277935,-32.548757160975036,49.36708860759494,61.46667238547457,36.63246191722299,61.849713914198624,-0.12413807561651778,86.99132862548618,58.682642215826164,45,,
159,CURX,Curanex Pharmaceuticals Inc - Common Stock,NASDAQ,29.999990065892934,-0.6557886002158623,-0.985048602571742,-54.9579842371267,36.708860759493675,280.1337267818045,27.62334537090876,66.1490626892725,-0.403508839373191,83.33333121066077,5.921018444334655,35,,
160,CABA,"Cabaletta Bio, Inc. - Common Stock",NASDAQ,29.918032866977473,1.3177490796458742,1.894827224637474,-26.72956368576222,40.50632911392405,2.2964680963727835,36.951691363580466,60.00000257749796,-0.14981618450737927,90.83094749660833,58.909839011841804,45,,
161,DXST,Decent Holding Inc. - Class A Ordinary Shares,NASDAQ,29.62962681905403,0.5038166003021108,0.8413586693978492,-96.08695638402624,35.44303797468354,279.72928356751885,31.4874613468249,56.304347530317216,84.80935251168219,90.32258033504348,316.749824865589,100,,
162,ALBT,Avalon GloboCare Corp. - Common Stock,NASDAQ,29.519772620067798,-0.0055479242291586505,-0.00940320449422307,-75.07462738793704,39.24050632911392,286.1313187375085,29.679098315898415,50.839002239377486,-0.24830867347135413,61.543623479141495,14.55646354674369,30,,
163,CNCG,Leverage Shares 2X Long CNC Daily ETF,NASDAQ,29.40488507416077,1.208163456851406,1.1131038748394257,-37.187724858641516,55.769230769230774,-62.40590619571511,,62.27415882066713,-0.1628375977990061,93.78477995756799,24.489795918367346,45,,
164,MBOT,Microbot Medical Inc.  - Common Stock,NASDAQ,29.347829960131612,0.8233055487226111,1.2459134674930463,-34.939759093825565,39.24050632911392,43.07968208773361,32.542413219624706,58.53658678416761,-0.11446396634523189,91.89189935568987,50.097451451530304,55,,
165,XYZG,Leverage Shares 2X Long XYZ Daily ETF,NASDAQ,29.189088365916472,0.0605842642771083,0.06407361854078937,-55.1877997771941,51.89873417721519,62.50595521676989,26.860280828031893,79.46199973312338,0.18081776266121322,97.67800543383618,65.96306068601582,20,,
166,AEHR,Aehr Test Systems - Common Stock,NASDAQ,29.06850457922672,1.5612547836407182,1.8221880726947348,-25.59042344373988,53.16455696202531,66.4958498420319,47.15394690270369,59.82583607762716,-0.5473583217530859,80.87667862279288,128.12527992496695,60,,
167,PHIO,Phio Pharmaceuticals Corp. - Common Stock,NASDAQ,28.888888594544948,-0.29291672764498233,-0.3744470253473301,-46.77018722300038,40.50632911392405,261.5446432904485,31.674262872128622,27.92793015324513,0.5261438662339418,70.3030292959362,5.355742052203287,15,,
168,ERAS,"Erasca, Inc. - Common Stock",NASDAQ,28.80932533062164,5.964028793552789,12.367162982721709,-8.832806455863533,63.29113924050633,-19.2772665758422,78.3974910465678,82.67422302882487,0.2500271749914382,99.54955151225192,118.47030062838154,20,,
169,HUDI,"Huadi International Group Co., Ltd. - Ordinary Shares",NASDAQ,28.695656500601906,1.0932812381405137,1.2537312528582127,-17.228465355906245,44.303797468354425,150.3903889385772,44.64495786158702,76.11940643733763,0.4142920185182511,100.0,53.135619400679644,10,,
170,ENLT,Enlight Renewable Energy Ltd. - Ordinary Shares,NASDAQ,28.678420776334047,4.429081876108499,5.370801132124764,-11.845758910163637,62.0253164556962,110.92991270665506,72.83743829459532,66.59997602393373,0.1857772045313508,100.0,96.43902698674616,25,,
171,MSGM,Motorsport Games Inc. - Class A Common Stock,NASDAQ,28.6111176970566,1.3217406652208903,1.5157361811461019,-48.155739506993385,53.16455696202531,-63.66626012718878,34.372136629132704,82.0045580849526,0.8994244462100862,100.0,230.3422645807109,40,,
172,KG,"Kestrel Group, Ltd. - Common Stock",NASDAQ,28.607588865140478,-0.45993530022402934,-0.5078640475135618,-53.988066186548835,46.835443037974684,-28.87039239001189,17.261761164475438,85.41666832235151,-0.0943538592150351,95.60853307595693,122.5008358408559,35,,
173,PYPG,Leverage Shares 2X Long PYPL Daily ETF,NASDAQ,28.382635190148452,-2.19377818322381,-1.8597487990771413,-69.8309991879162,43.037974683544306,139.11566966041983,21.225660217844524,74.11152063777409,0.2025141644575475,97.36723829824841,52.90286405689749,20,,
174,LMRI,"Lumexa Imaging Holdings, Inc. - Common Stock",NASDAQ,28.138527673852963,-1.0095866214251088,-1.2661539468101055,-45.277927859815954,43.859649122807014,-19.311084802731358,,52.7160531910184,-0.18204154050913368,92.55785117312678,109.0887032479462,65,,
175,LSE,"Leishen Energy Holding Co., Ltd. - Class A Ordinary Shares",NASDAQ,28.09524663721932,0.2753060754645875,0.3451181895276686,-28.96174393513486,41.77215189873418,150.4638218923933,34.73270467305225,72.89048262637094,-0.10231965671244711,95.72954135221858,359.63786008230454,40,,
176,ECOR,"electroCore, Inc. - Common Stock",NASDAQ,28.037383677355756,0.7127700449163018,0.7929991658135609,-37.79140602492846,49.36708860759494,-12.390814758687462,29.630148795340745,65.53611014711839,-0.4609303098991031,85.89341675920895,123.35191235825485,60,,
177,ORIC,"Oric Pharmaceuticals, Inc. - Common Stock",NASDAQ,28.011204382022157,0.7041479004947214,0.9288437764149714,-37.57764060235787,39.24050632911392,-1.2631851601934585,28.23084486371117,84.9623917279907,-0.03879104468800583,98.77521559875872,91.82214647350744,10,,
178,VSNT,"Versant Media Group, Inc. - Class A Common Stock",NASDAQ,28.0083734401005,-1.597105719343225,-1.4394027623441499,-42.212856405873495,43.63636363636363,-28.93621840389776,,87.57063882008723,0.49216468769644023,99.80962824598106,125.27973969673627,25,,
179,CZR,"Caesars Entertainment, Inc. - Common Stock",NASDAQ,27.845036833997018,1.6375400275461867,2.2649838691647597,-28.441818080175,50.63291139240506,16.739995748384185,41.8307234553829,82.26562300929817,0.24927121675617356,99.2854436518718,63.77740483397901,10,,
180,MENS,Jyong Biotech Ltd. - Ordinary shares,NASDAQ,27.81065163886669,-1.9110614230739627,-2.0474848090710616,-96.40924731031474,34.177215189873415,-46.838953186081,7.025105846809824,63.09013472801755,-0.1172412324861914,78.26087294544301,55.335796565963925,20,,
181,CBIO,"Crescent Biopharma, Inc. - Common Stock",NASDAQ,27.724867073439885,-0.05164244631307074,-0.06756501677814011,-41.60679728703023,40.50632911392405,5.611263335859618,22.164326672600914,72.64834019928347,0.28856378968062324,95.41502022769673,66.63906599321024,20,,
182,DOGZ,Dogness (International) Corporation - Class A Common Stock,NASDAQ,27.499992549419705,-2.0718624809701733,-1.547574826571987,-91.68211437171828,51.89873417721519,-72.02194357366771,10.379746835443038,53.16455314182793,0.16127305433518785,94.44444240038942,42.56919551037198,55,,
183,SMSI,"Smith Micro Software, Inc. - Common Stock",NASDAQ,27.450978100551858,0.28863016416916126,0.39747145847474524,-33.333336343668805,39.24050632911392,152.92839016893973,33.91107615905783,68.181809561314,0.824797989818223,95.58823078252044,354.86661283746514,65,,
184,FIEE,"FiEE, Inc - Common Stock",NASDAQ,27.326724464993447,2.842276691905678,2.538304665408523,-38.2920127019957,63.29113924050633,-69.70756487117295,66.74132516507467,46.89118706935624,0.030426311542766843,88.81215513278335,49.64950447183949,55,,
185,CONX,Direxion Daily COIN Bull 2X ETF,NASDAQ,27.03765721419471,-0.9221899688531594,-1.1564276628568555,-76.89793915114727,37.5,156.54222018628795,,63.544761299581296,0.355837210898397,88.67613720217416,117.98102686653631,55,,
186,CONL,GraniteShares 2x Long COIN Daily ETF,NASDAQ,26.93877611924225,-1.7234668265461868,-2.0669080738439467,-83.32253809802377,36.708860759493675,109.90387411993096,16.93600459909459,63.766521385361244,0.3609484152508478,88.85714213053384,120.85609794170773,60,,
187,INTG,The Intergroup Corporation - Common Stock,NASDAQ,26.87087136689248,0.2610935027535522,0.2784822952973096,-32.61744864034973,48.10126582278481,-26.73143773954898,24.82102021235001,76.80444170991147,0.5892937696969235,100.0,82.1411192214112,10,,
188,COIG,Leverage Shares 2X Long COIN Daily ETF,NASDAQ,26.82256246517596,-1.7742489717056402,-2.125777114242124,-83.3837346261766,36.708860759493675,85.82408198121263,15.49121707077149,63.710930156364206,0.36781079489817037,88.9274714495592,72.16555977229602,45,,
189,HFFG,HF Foods Group Inc. - Common Stock,NASDAQ,26.785725056111744,-0.3005022515461783,-0.33436184073573416,-47.211898629031154,45.56962025316456,65.19269478579766,24.49585933698826,84.94623917791229,0.2360293714926498,100.0,75.21588177690732,10,,
190,RELY,"Remitly Global, Inc. - Common stock",NASDAQ,26.691458417636603,1.7720969103481763,3.00381805590543,-18.77872450846635,48.10126582278481,34.30436268818586,44.84635483976962,78.30689913122238,0.020975402968830482,96.92833327348005,68.1405876434815,20,,
191,GASS,"StealthGas, Inc. - common stock",NASDAQ,26.525531572499727,3.8615808376577165,5.656166479304092,-5.988855691074863,53.16455696202531,55.514554787034044,58.62694145890112,82.30338459469556,0.6169248544109315,98.64077339096859,240.45701947730643,30,,
192,NMRA,"Neumora Therapeutics, Inc. - Common Stock",NASDAQ,26.35982629162261,0.626313257030896,0.9507550890591602,-42.83216606871674,41.77215189873418,15.387560014319934,28.209117746199233,43.382347656160285,-0.13250002597354574,84.12256415402479,57.338408272762706,45,,
193,SSP,E.W. Scripps Company (The) - Class A Common Stock,NASDAQ,26.243102655666917,2.5581877019297425,4.690333885225216,-33.46938924459751,50.63291139240506,-46.0266645726318,55.75029834021663,73.79912541002261,0.5284317514016834,100.0,174.30371026473773,30,,
194,ALM,Almonty Industries Inc. - Common Shares,NASDAQ,26.230609640329085,3.8894968956215967,4.971615514321163,-21.927370506742054,54.43037974683544,19.98263227857826,71.61683788112762,74.64646610602163,-0.2945896661436451,90.34749002761329,150.58836105147827,50,,
195,MRVU,Direxion Daily MRVL Bull 2X ETF,NASDAQ,26.167393951839692,2.9787989633697944,6.322634231842985,-14.822373191883715,60.0,0.0,,66.31046016666238,,100.0,249.84488107549123,45,,
196,CVRX,"CVRx, Inc. - Common Stock",NASDAQ,25.95419480551815,-0.21834720041161507,-0.23971585271536724,-52.55255375658909,43.037974683544306,42.770286681344174,22.490072915443285,88.55140650258862,0.014061705477781131,97.17314749601512,60.699586219007585,20,,
197,NGNE,Neurogene Inc. - Common Stock,NASDAQ,25.822922930453764,-0.5326262212443091,-0.5741882396546562,-47.32946949994265,44.303797468354425,9.495164651664268,19.435371802500978,64.11313934655627,0.24048370427583157,92.72271107393382,132.8690138815505,60,,
198,SKRE,Tuttle Capital Daily 2X Inverse Regional Banks ETF,NASDAQ,25.78796144669113,-0.919898103656992,-0.9389897279347418,-39.173795889211334,48.10126582278481,33.06791909012681,20.208240675956954,70.94408970193228,0.33031329589197245,100.0,119.40038021628696,20,,
199,MRDN,Meridian Holdings Inc. - Common Stock,NASDAQ,25.783698298109915,-0.2799404992288647,-0.3502171195817217,-50.0,40.50632911392405,34.17383161859846,21.402067599720315,59.544866330024696,0.6369575505771133,89.95796527859316,207.1437142231978,75,,
200,TRI,Thomson Reuters Corp - Common Shares,NASDAQ,25.749184634574007,-1.010667408043323,-1.0071168583183234,-42.01856590719804,46.835443037974684,97.33424398896648,22.95482250853317,75.627345769279,0.43719093393977865,100.0,82.22555604663756,10,,
